location,sampleID,sampling,stage,sample_rep,test,date_plated,date_enumerated,plate_rep,dilution,raw_count,notes
L,S1H1,S1,H,1,APC,1/6/2020,1/8/2020,1,4,34,
L,S1H1,S1,H,1,APC,1/6/2020,1/8/2020,2,4,20,
L,S1H2,S1,H,2,APC,1/6/2020,1/8/2020,1,3,98,
L,S1H2,S1,H,2,APC,1/6/2020,1/8/2020,2,3,133,
L,S1H3,S1,H,3,APC,1/6/2020,1/8/2020,1,5,30,
L,S1H3,S1,H,3,APC,1/6/2020,1/8/2020,2,5,40,
L,S1H1,S1,H,1,GN,1/6/2020,1/8/2020,1,3,76,
L,S1H1,S1,H,1,GN,1/6/2020,1/8/2020,2,3,88,
L,S1H2,S1,H,2,GN,1/6/2020,1/8/2020,1,3,29,
L,S1H2,S1,H,2,GN,1/6/2020,1/8/2020,2,3,32,
L,S1H3,S1,H,3,GN,1/6/2020,1/8/2020,1,4,57,
L,S1H3,S1,H,3,GN,1/6/2020,1/8/2020,2,4,47,
L,S1T1,S1,T,1,APC,1/6/2020,1/8/2020,1,5,29,
L,S1T1,S1,T,1,APC,1/6/2020,1/8/2020,2,5,22,
L,S1T2,S1,T,2,APC,1/6/2020,1/8/2020,1,4,56,
L,S1T2,S1,T,2,APC,1/6/2020,1/8/2020,2,4,49,
L,S1T3,S1,T,3,APC,1/6/2020,1/8/2020,1,4,23,
L,S1T3,S1,T,3,APC,1/6/2020,1/8/2020,2,4,21,
L,S1T1,S1,T,1,GN,1/6/2020,1/8/2020,1,4,52,
L,S1T1,S1,T,1,GN,1/6/2020,1/8/2020,2,4,49,
L,S1T2,S1,T,2,GN,1/6/2020,1/8/2020,1,3,85,
L,S1T2,S1,T,2,GN,1/6/2020,1/8/2020,2,3,104,
L,S1T3,S1,T,3,GN,1/6/2020,1/8/2020,1,3,34,
L,S1T3,S1,T,3,GN,1/6/2020,1/8/2020,2,3,24,
L,S1P1,S1,P,1,APC,1/7/2020,1/9/2020,1,4,119,
L,S1P1,S1,P,1,APC,1/7/2020,1/9/2020,2,4,133,
L,S1P2,S1,P,2,APC,1/7/2020,1/9/2020,1,4,86,
L,S1P2,S1,P,2,APC,1/7/2020,1/9/2020,2,4,79,
L,S1P3,S1,P,3,APC,1/7/2020,1/9/2020,1,3,160,
L,S1P3,S1,P,3,APC,1/7/2020,1/9/2020,2,3,166,
L,S1P1,S1,P,1,GN,1/7/2020,1/9/2020,1,3,95,
L,S1P1,S1,P,1,GN,1/7/2020,1/9/2020,2,3,52,
L,S1P2,S1,P,2,GN,1/7/2020,1/9/2020,1,4,22,
L,S1P2,S1,P,2,GN,1/7/2020,1/9/2020,2,4,24,
L,S1P3,S1,P,3,GN,1/7/2020,1/9/2020,1,3,56,
L,S1P3,S1,P,3,GN,1/7/2020,1/9/2020,2,3,54,
L,S1R1,S1,R,1,APC,1/7/2020,1/9/2020,1,4,73,
L,S1R1,S1,R,1,APC,1/7/2020,1/9/2020,2,4,62,
L,S1R2,S1,R,2,APC,1/7/2020,1/9/2020,1,3,101,
L,S1R2,S1,R,2,APC,1/7/2020,1/9/2020,2,3,90,
L,S1R3,S1,R,3,APC,1/7/2020,1/9/2020,1,5,56,
L,S1R3,S1,R,3,APC,1/7/2020,1/9/2020,2,5,44,
L,S1R1,S1,R,1,GN,1/7/2020,1/9/2020,1,3,137,
L,S1R1,S1,R,1,GN,1/7/2020,1/9/2020,2,3,76,
L,S1R2,S1,R,2,GN,1/7/2020,1/9/2020,1,3,35,
L,S1R2,S1,R,2,GN,1/7/2020,1/9/2020,2,3,31,
L,S1R3,S1,R,3,GN,1/7/2020,1/9/2020,1,4,105,
L,S1R3,S1,R,3,GN,1/7/2020,1/9/2020,2,4,86,
L,S1D0-1,S1,D0,1,APC,1/7/2020,1/9/2020,1,4,113,
L,S1D0-1,S1,D0,1,APC,1/7/2020,1/9/2020,2,4,100,
L,S1D0-2,S1,D0,2,APC,1/7/2020,1/9/2020,1,4,25,
L,S1D0-2,S1,D0,2,APC,1/7/2020,1/9/2020,2,4,27,
L,S1D0-3,S1,D0,3,APC,1/7/2020,1/9/2020,1,3,219,
L,S1D0-3,S1,D0,3,APC,1/7/2020,1/9/2020,2,3,210,
L,S1D0-1,S1,D0,1,GN,1/7/2020,1/9/2020,1,4,26,
L,S1D0-1,S1,D0,1,GN,1/7/2020,1/9/2020,2,4,27,
L,S1D0-2,S1,D0,2,GN,1/7/2020,1/9/2020,1,3,77,
L,S1D0-2,S1,D0,2,GN,1/7/2020,1/9/2020,2,3,57,
L,S1D0-3,S1,D0,3,GN,1/7/2020,1/9/2020,1,3,47,
L,S1D0-3,S1,D0,3,GN,1/7/2020,1/9/2020,2,3,53,
L,S1D2-1,S1,D2,1,APC,1/9/2020,1/11/2020,1,4,27,
L,S1D2-1,S1,D2,1,APC,1/9/2020,1/11/2020,2,4,26,
L,S1D2-2,S1,D2,2,APC,1/9/2020,1/11/2020,1,4,120,
L,S1D2-2,S1,D2,2,APC,1/9/2020,1/11/2020,2,4,128,
L,S1D2-3,S1,D2,3,APC,1/9/2020,1/11/2020,1,4,91,
L,S1D2-3,S1,D2,3,APC,1/9/2020,1/11/2020,2,4,101,
L,S1D2-1,S1,D2,1,GN,1/9/2020,1/11/2020,1,3,40,
L,S1D2-1,S1,D2,1,GN,1/9/2020,1/11/2020,2,3,49,
L,S1D2-2,S1,D2,2,GN,1/9/2020,1/11/2020,1,4,25,
L,S1D2-2,S1,D2,2,GN,1/9/2020,1/11/2020,2,4,15,
L,S1D2-3,S1,D2,3,GN,1/9/2020,1/11/2020,1,4,15,
L,S1D2-3,S1,D2,3,GN,1/9/2020,1/11/2020,2,4,13,
L,S1D4-1,S1,D4,1,APC,1/11/2020,1/13/2020,1,4,57,
L,S1D4-1,S1,D4,1,APC,1/11/2020,1/13/2020,2,4,53,
L,S1D4-2,S1,D4,2,APC,1/11/2020,1/13/2020,1,5,31,
L,S1D4-2,S1,D4,2,APC,1/11/2020,1/13/2020,2,5,42,
L,S1D4-3,S1,D4,3,APC,1/11/2020,1/13/2020,1,4,49,
L,S1D4-3,S1,D4,3,APC,1/11/2020,1/13/2020,2,4,39,
L,S1D4-1,S1,D4,1,GN,1/11/2020,1/13/2020,1,4,13,
L,S1D4-1,S1,D4,1,GN,1/11/2020,1/13/2020,2,4,16,
L,S1D4-2,S1,D4,2,GN,1/11/2020,1/13/2020,1,4,65,
L,S1D4-2,S1,D4,2,GN,1/11/2020,1/13/2020,2,4,60,
L,S1D4-3,S1,D4,3,GN,1/11/2020,1/13/2020,1,4,12,
L,S1D4-3,S1,D4,3,GN,1/11/2020,1/13/2020,2,4,16,
L,S1D6-1,S1,D6,1,APC,1/13/2020,1/15/2020,1,6,12,
L,S1D6-1,S1,D6,1,APC,1/13/2020,1/15/2020,2,6,12,
L,S1D6-2,S1,D6,2,APC,1/13/2020,1/15/2020,1,4,60,
L,S1D6-2,S1,D6,2,APC,1/13/2020,1/15/2020,2,4,58,
L,S1D6-3,S1,D6,3,APC,1/13/2020,1/15/2020,1,4,29,
L,S1D6-3,S1,D6,3,APC,1/13/2020,1/15/2020,2,4,38,
L,S1D6-1,S1,D6,1,GN,1/13/2020,1/15/2020,1,5,30,
L,S1D6-1,S1,D6,1,GN,1/13/2020,1/15/2020,2,5,31,
L,S1D6-2,S1,D6,2,GN,1/13/2020,1/15/2020,1,4,14,
L,S1D6-2,S1,D6,2,GN,1/13/2020,1/15/2020,2,4,19,
L,S1D6-3,S1,D6,3,GN,1/13/2020,1/15/2020,1,4,7,
L,S1D6-3,S1,D6,3,GN,1/13/2020,1/15/2020,2,4,7,
L,S1D8-1,S1,D8,1,APC,1/15/2020,1/17/2020,1,5,20,
L,S1D8-1,S1,D8,1,APC,1/15/2020,1/17/2020,2,5,17,
L,S1D8-2,S1,D8,2,APC,1/15/2020,1/17/2020,1,4,95,
L,S1D8-2,S1,D8,2,APC,1/15/2020,1/17/2020,2,4,115,
L,S1D8-3,S1,D8,3,APC,1/15/2020,1/17/2020,1,4,89,
L,S1D8-3,S1,D8,3,APC,1/15/2020,1/17/2020,2,4,70,
L,S1D8-1,S1,D8,1,GN,1/15/2020,1/17/2020,1,4,30,
L,S1D8-1,S1,D8,1,GN,1/15/2020,1/17/2020,2,4,42,
L,S1D8-2,S1,D8,2,GN,1/15/2020,1/17/2020,1,4,53,
L,S1D8-2,S1,D8,2,GN,1/15/2020,1/17/2020,2,4,47,
L,S1D8-3,S1,D8,3,GN,1/15/2020,1/17/2020,1,4,23,
L,S1D8-3,S1,D8,3,GN,1/15/2020,1/17/2020,2,4,19,
L,S1D10-1,S1,D10,1,APC,1/17/2020,1/19/2020,1,4,182,
L,S1D10-1,S1,D10,1,APC,1/17/2020,1/19/2020,2,4,164,
L,S1D10-2,S1,D10,2,APC,1/17/2020,1/19/2020,1,4,84,
L,S1D10-2,S1,D10,2,APC,1/17/2020,1/19/2020,2,4,83,
L,S1D10-3,S1,D10,3,APC,1/17/2020,1/19/2020,1,4,101,
L,S1D10-3,S1,D10,3,APC,1/17/2020,1/19/2020,2,4,105,
L,S1D10-1,S1,D10,1,GN,1/17/2020,1/19/2020,1,4,27,
L,S1D10-1,S1,D10,1,GN,1/17/2020,1/19/2020,2,4,15,
L,S1D10-2,S1,D10,2,GN,1/17/2020,1/19/2020,1,4,4,
L,S1D10-2,S1,D10,2,GN,1/17/2020,1/19/2020,2,4,12,
L,S1D10-3,S1,D10,3,GN,1/17/2020,1/19/2020,1,4,15,
L,S1D10-3,S1,D10,3,GN,1/17/2020,1/19/2020,2,4,15,
L,S2H1,S2,H,1,APC,1/7/2020,1/9/2020,1,3,91,
L,S2H1,S2,H,1,APC,1/7/2020,1/9/2020,2,3,84,
L,S2H2,S2,H,2,APC,1/7/2020,1/9/2020,1,4,105,
L,S2H2,S2,H,2,APC,1/7/2020,1/9/2020,2,4,110,
L,S2H3,S2,H,3,APC,1/7/2020,1/9/2020,1,4,145,
L,S2H3,S2,H,3,APC,1/7/2020,1/9/2020,2,4,165,
L,S2H1,S2,H,1,GN,1/7/2020,1/9/2020,1,3,22,
L,S2H1,S2,H,1,GN,1/7/2020,1/9/2020,2,3,33,
L,S2H2,S2,H,2,GN,1/7/2020,1/9/2020,1,4,33,
L,S2H2,S2,H,2,GN,1/7/2020,1/9/2020,2,4,42,
L,S2H3,S2,H,3,GN,1/7/2020,1/9/2020,1,4,52,
L,S2H3,S2,H,3,GN,1/7/2020,1/9/2020,2,4,45,
L,S2T1,S2,T,1,APC,1/7/2020,1/9/2020,1,4,81,
L,S2T1,S2,T,1,APC,1/7/2020,1/9/2020,2,4,85,
L,S2T2,S2,T,2,APC,1/7/2020,1/9/2020,1,4,79,
L,S2T2,S2,T,2,APC,1/7/2020,1/9/2020,2,4,70,
L,S2T3,S2,T,3,APC,1/7/2020,1/9/2020,1,4,23,
L,S2T3,S2,T,3,APC,1/7/2020,1/9/2020,2,4,24,
L,S2T1,S2,T,1,GN,1/7/2020,1/9/2020,1,4,26,
L,S2T1,S2,T,1,GN,1/7/2020,1/9/2020,2,4,33,
L,S2T2,S2,T,2,GN,1/7/2020,1/9/2020,1,3,138,
L,S2T2,S2,T,2,GN,1/7/2020,1/9/2020,2,3,147,
L,S2T3,S2,T,3,GN,1/7/2020,1/9/2020,1,3,55,
L,S2T3,S2,T,3,GN,1/7/2020,1/9/2020,2,3,64,
L,S2P1,S2,P,1,APC,1/8/2020,1/10/2020,1,4,37,
L,S2P1,S2,P,1,APC,1/8/2020,1/10/2020,2,4,45,
L,S2P2,S2,P,2,APC,1/8/2020,1/10/2020,1,4,147,
L,S2P2,S2,P,2,APC,1/8/2020,1/10/2020,2,4,145,
L,S2P3,S2,P,3,APC,1/8/2020,1/10/2020,1,4,32,
L,S2P3,S2,P,3,APC,1/8/2020,1/10/2020,2,4,20,
L,S2P1,S2,P,1,GN,1/8/2020,1/10/2020,1,3,93,
L,S2P1,S2,P,1,GN,1/8/2020,1/10/2020,2,3,117,
L,S2P2,S2,P,2,GN,1/8/2020,1/10/2020,1,3,51,
L,S2P2,S2,P,2,GN,1/8/2020,1/10/2020,2,3,55,
L,S2P3,S2,P,3,GN,1/8/2020,1/10/2020,1,3,55,
L,S2P3,S2,P,3,GN,1/8/2020,1/10/2020,2,3,51,
L,S2R1,S2,R,1,APC,NA_NS,NA_NS,NA_NS,NA_NS,NA_NS,
L,S2R1,S2,R,1,APC,NA_NS,NA_NS,NA_NS,NA_NS,NA_NS,
L,S2R2,S2,R,2,APC,NA_NS,NA_NS,NA_NS,NA_NS,NA_NS,
L,S2R2,S2,R,2,APC,NA_NS,NA_NS,NA_NS,NA_NS,NA_NS,
L,S2R3,S2,R,3,APC,NA_NS,NA_NS,NA_NS,NA_NS,NA_NS,
L,S2R3,S2,R,3,APC,NA_NS,NA_NS,NA_NS,NA_NS,NA_NS,
L,S2R1,S2,R,1,GN,NA_NS,NA_NS,NA_NS,NA_NS,NA_NS,
L,S2R1,S2,R,1,GN,NA_NS,NA_NS,NA_NS,NA_NS,NA_NS,
L,S2R2,S2,R,2,GN,NA_NS,NA_NS,NA_NS,NA_NS,NA_NS,
L,S2R2,S2,R,2,GN,NA_NS,NA_NS,NA_NS,NA_NS,NA_NS,
L,S2R3,S2,R,3,GN,NA_NS,NA_NS,NA_NS,NA_NS,NA_NS,
L,S2R3,S2,R,3,GN,NA_NS,NA_NS,NA_NS,NA_NS,NA_NS,
L,S2D0-1,S2,D0,1,APC,1/8/2020,1/10/2020,1,4,175,
L,S2D0-1,S2,D0,1,APC,1/8/2020,1/10/2020,2,4,159,
L,S2D0-2,S2,D0,2,APC,1/8/2020,1/10/2020,1,5,33,
L,S2D0-2,S2,D0,2,APC,1/8/2020,1/10/2020,2,5,26,
L,S2D0-3,S2,D0,3,APC,1/8/2020,1/10/2020,1,4,41,
L,S2D0-3,S2,D0,3,APC,1/8/2020,1/10/2020,2,4,42,
L,S2D0-1,S2,D0,1,GN,1/8/2020,1/10/2020,1,4,33,
L,S2D0-1,S2,D0,1,GN,1/8/2020,1/10/2020,2,4,40,
L,S2D0-2,S2,D0,2,GN,1/8/2020,1/10/2020,1,4,52,
L,S2D0-2,S2,D0,2,GN,1/8/2020,1/10/2020,2,4,68,
L,S2D0-3,S2,D0,3,GN,1/8/2020,1/10/2020,1,4,19,
L,S2D0-3,S2,D0,3,GN,1/8/2020,1/10/2020,2,4,12,
L,S2D2-1,S2,D2,1,APC,1/10/2020,1/12/2020,1,4,120,
L,S2D2-1,S2,D2,1,APC,1/10/2020,1/12/2020,2,4,135,
L,S2D2-2,S2,D2,2,APC,1/10/2020,1/12/2020,1,4,139,
L,S2D2-2,S2,D2,2,APC,1/10/2020,1/12/2020,2,4,141,
L,S2D2-3,S2,D2,3,APC,NA_NS,NA_NS,NA_NS,NA_NS,NA_NS,
L,S2D2-3,S2,D2,3,APC,NA_NS,NA_NS,NA_NS,NA_NS,NA_NS,
L,S2D2-1,S2,D2,1,GN,1/10/2020,1/12/2020,1,4,27,
L,S2D2-1,S2,D2,1,GN,1/10/2020,1/12/2020,2,4,28,
L,S2D2-2,S2,D2,2,GN,1/10/2020,1/12/2020,1,4,64,
L,S2D2-2,S2,D2,2,GN,1/10/2020,1/12/2020,2,4,53,
L,S2D2-3,S2,D2,3,GN,NA_NS,NA_NS,NA_NS,NA_NS,NA_NS,
L,S2D2-3,S2,D2,3,GN,NA_NS,NA_NS,NA_NS,NA_NS,NA_NS,
L,S2D4-1,S2,D4,1,APC,1/12/2020,1/14/2020,1,4,29,
L,S2D4-1,S2,D4,1,APC,1/12/2020,1/14/2020,2,4,20,
L,S2D4-2,S2,D4,2,APC,NA_NS,NA_NS,NA_NS,NA_NS,NA_NS,
L,S2D4-2,S2,D4,2,APC,NA_NS,NA_NS,NA_NS,NA_NS,NA_NS,
L,S2D4-3,S2,D4,3,APC,1/12/2020,1/14/2020,NA_FB,NA_FB,NA_FB,
L,S2D4-3,S2,D4,3,APC,1/12/2020,1/14/2020,NA_FB,NA_FB,NA_FB,
L,S2D4-1,S2,D4,1,GN,1/12/2020,1/14/2020,1,4,15,
L,S2D4-1,S2,D4,1,GN,1/12/2020,1/14/2020,2,4,17,
L,S2D4-2,S2,D4,2,GN,NA_NS,NA_NS,NA_NS,NA_NS,NA_NS,
L,S2D4-2,S2,D4,2,GN,NA_NS,NA_NS,NA_NS,NA_NS,NA_NS,
L,S2D4-3,S2,D4,3,GN,NA_FB,NA_FB,NA_FB,NA_FB,NA_FB,
L,S2D4-3,S2,D4,3,GN,NA_FB,NA_FB,NA_FB,NA_FB,NA_FB,
L,S2D6-1,S2,D6,1,APC,1/14/2020,1/16/2020,1,5,17,
L,S2D6-1,S2,D6,1,APC,1/14/2020,1/16/2020,2,5,29,
L,S2D6-2,S2,D6,2,APC,1/14/2020,1/16/2020,1,5,83,
L,S2D6-2,S2,D6,2,APC,1/14/2020,1/16/2020,2,5,106,
L,S2D6-3,S2,D6,3,APC,NA_NS,NA_NS,NA_NS,NA_NS,NA_NS,
L,S2D6-3,S2,D6,3,APC,NA_NS,NA_NS,NA_NS,NA_NS,NA_NS,
L,S2D6-1,S2,D6,1,GN,1/14/2020,1/16/2020,1,4,43,
L,S2D6-1,S2,D6,1,GN,1/14/2020,1/16/2020,2,4,32,
L,S2D6-2,S2,D6,2,GN,1/14/2020,1/16/2020,1,5,16,
L,S2D6-2,S2,D6,2,GN,1/14/2020,1/16/2020,2,5,19,
L,S2D6-3,S2,D6,3,GN,NA_NS,NA_NS,NA_NS,NA_NS,NA_NS,
L,S2D6-3,S2,D6,3,GN,NA_NS,NA_NS,NA_NS,NA_NS,NA_NS,
L,S2D8-1,S2,D8,1,APC,1/16/2020,1/18/2020,1,4,179,
L,S2D8-1,S2,D8,1,APC,1/16/2020,1/18/2020,2,4,186,
L,S2D8-2,S2,D8,2,APC,1/16/2020,1/18/2020,1,5,62,
L,S2D8-2,S2,D8,2,APC,1/16/2020,1/18/2020,2,5,57,
L,S2D8-3,S2,D8,3,APC,NA_NS,NA_NS,NA_NS,NA_NS,NA_NS,
L,S2D8-3,S2,D8,3,APC,NA_NS,NA_NS,NA_NS,NA_NS,NA_NS,
L,S2D8-1,S2,D8,1,GN,1/16/2020,1/18/2020,1,4,61,
L,S2D8-1,S2,D8,1,GN,1/16/2020,1/18/2020,2,4,79,
L,S2D8-2,S2,D8,2,GN,1/16/2020,1/18/2020,1,5,30,
L,S2D8-2,S2,D8,2,GN,1/16/2020,1/18/2020,2,5,26,
L,S2D8-3,S2,D8,3,GN,NA_NS,NA_NS,NA_NS,NA_NS,NA_NS,
L,S2D8-3,S2,D8,3,GN,NA_NS,NA_NS,NA_NS,NA_NS,NA_NS,
L,S2D10-1,S2,D10,1,APC,1/18/2020,1/20/2020,1,5,11,
L,S2D10-1,S2,D10,1,APC,1/18/2020,1/20/2020,2,5,14,
L,S2D10-2,S2,D10,2,APC,1/18/2020,1/20/2020,1,5,29,
L,S2D10-2,S2,D10,2,APC,1/18/2020,1/20/2020,2,5,34,
L,S2D10-3,S2,D10,3,APC,NA_NS,NA_NS,NA_NS,NA_NS,NA_NS,
L,S2D10-3,S2,D10,3,APC,NA_NS,NA_NS,NA_NS,NA_NS,NA_NS,
L,S2D10-1,S2,D10,1,GN,1/18/2020,1/20/2020,1,4,41,
L,S2D10-1,S2,D10,1,GN,1/18/2020,1/20/2020,2,4,48,
L,S2D10-2,S2,D10,2,GN,1/18/2020,1/20/2020,1,4,97,
L,S2D10-2,S2,D10,2,GN,1/18/2020,1/20/2020,2,4,87,
L,S2D10-3,S2,D10,3,GN,NA_NS,NA_NS,NA_NS,NA_NS,NA_NS,
L,S2D10-3,S2,D10,3,GN,NA_NS,NA_NS,NA_NS,NA_NS,NA_NS,
L,S3H1,S3,H,1,APC,1/8/2020,1/10/2020,1,4,25,
L,S3H1,S3,H,1,APC,1/8/2020,1/10/2020,2,4,33,
L,S3H2,S3,H,2,APC,1/8/2020,1/10/2020,1,3,143,
L,S3H2,S3,H,2,APC,1/8/2020,1/10/2020,2,3,168,
L,S3H3,S3,H,3,APC,1/8/2020,1/10/2020,1,5,37,
L,S3H3,S3,H,3,APC,1/8/2020,1/10/2020,2,5,19,
L,S3H1,S3,H,1,GN,1/8/2020,1/10/2020,1,3,74,
L,S3H1,S3,H,1,GN,1/8/2020,1/10/2020,2,3,70,
L,S3H2,S3,H,2,GN,1/8/2020,1/10/2020,1,3,82,
L,S3H2,S3,H,2,GN,1/8/2020,1/10/2020,2,3,60,
L,S3H3,S3,H,3,GN,1/8/2020,1/10/2020,1,4,85,
L,S3H3,S3,H,3,GN,1/8/2020,1/10/2020,2,4,86,
L,S3T1,S3,T,1,APC,1/8/2020,1/10/2020,1,4,31,
L,S3T1,S3,T,1,APC,1/8/2020,1/10/2020,2,4,25,
L,S3T2,S3,T,2,APC,1/8/2020,1/10/2020,1,4,90,
L,S3T2,S3,T,2,APC,1/8/2020,1/10/2020,2,4,76,
L,S3T3,S3,T,3,APC,1/8/2020,1/10/2020,1,4,114,
L,S3T3,S3,T,3,APC,1/8/2020,1/10/2020,2,4,111,
L,S3T1,S3,T,1,GN,1/8/2020,1/10/2020,1,3,27,
L,S3T1,S3,T,1,GN,1/8/2020,1/10/2020,2,3,36,
L,S3T2,S3,T,2,GN,1/8/2020,1/10/2020,1,3,185,
L,S3T2,S3,T,2,GN,1/8/2020,1/10/2020,2,3,182,
L,S3T3,S3,T,3,GN,1/8/2020,1/10/2020,1,4,21,
L,S3T3,S3,T,3,GN,1/8/2020,1/10/2020,2,4,24,
L,S3P1,S3,P,1,APC,1/9/2020,1/11/2020,1,5,35,
L,S3P1,S3,P,1,APC,1/9/2020,1/11/2020,2,5,42,
L,S3P2,S3,P,2,APC,1/9/2020,1/11/2020,1,5,41,
L,S3P2,S3,P,2,APC,1/9/2020,1/11/2020,2,5,47,
L,S3P3,S3,P,3,APC,1/9/2020,1/11/2020,1,4,135,
L,S3P3,S3,P,3,APC,1/9/2020,1/11/2020,2,4,142,
L,S3P1,S3,P,1,GN,1/9/2020,1/11/2020,1,4,66,
L,S3P1,S3,P,1,GN,1/9/2020,1/11/2020,2,4,60,
L,S3P2,S3,P,2,GN,1/9/2020,1/11/2020,1,4,53,
L,S3P2,S3,P,2,GN,1/9/2020,1/11/2020,2,4,56,
L,S3P3,S3,P,3,GN,1/9/2020,1/11/2020,1,4,25,
L,S3P3,S3,P,3,GN,1/9/2020,1/11/2020,2,4,15,
L,S3R1,S3,R,1,APC,1/9/2020,1/11/2020,1,4,121,
L,S3R1,S3,R,1,APC,1/9/2020,1/11/2020,2,4,100,
L,S3R2,S3,R,2,APC,NA_NS,NA_NS,NA_NS,NA_NS,NA_NS,
L,S3R2,S3,R,2,APC,NA_NS,NA_NS,NA_NS,NA_NS,NA_NS,
L,S3R3,S3,R,3,APC,NA_NS,NA_NS,NA_NS,NA_NS,NA_NS,
L,S3R3,S3,R,3,APC,NA_NS,NA_NS,NA_NS,NA_NS,NA_NS,
L,S3R1,S3,R,1,GN,1/9/2020,1/11/2020,1,4,28,
L,S3R1,S3,R,1,GN,1/9/2020,1/11/2020,2,4,24,
L,S3R2,S3,R,2,GN,NA_NS,NA_NS,NA_NS,NA_NS,NA_NS,
L,S3R2,S3,R,2,GN,NA_NS,NA_NS,NA_NS,NA_NS,NA_NS,
L,S3R3,S3,R,3,GN,NA_NS,NA_NS,NA_NS,NA_NS,NA_NS,
L,S3R3,S3,R,3,GN,NA_NS,NA_NS,NA_NS,NA_NS,NA_NS,
L,S3D0-1,S3,D0,1,APC,1/9/2020,1/11/2020,1,4,46,
L,S3D0-1,S3,D0,1,APC,1/9/2020,1/11/2020,2,4,29,
L,S3D0-2,S3,D0,2,APC,1/9/2020,1/11/2020,1,4,46,
L,S3D0-2,S3,D0,2,APC,1/9/2020,1/11/2020,2,4,70,
L,S3D0-3,S3,D0,3,APC,1/9/2020,1/11/2020,1,5,26,
L,S3D0-3,S3,D0,3,APC,1/9/2020,1/11/2020,2,5,29,
L,S3D0-1,S3,D0,1,GN,1/9/2020,1/11/2020,1,3,50,
L,S3D0-1,S3,D0,1,GN,1/9/2020,1/11/2020,2,3,56,
L,S3D0-2,S3,D0,2,GN,1/9/2020,1/11/2020,1,3,139,
L,S3D0-2,S3,D0,2,GN,1/9/2020,1/11/2020,2,3,160,
L,S3D0-3,S3,D0,3,GN,1/9/2020,1/11/2020,1,4,54,
L,S3D0-3,S3,D0,3,GN,1/9/2020,1/11/2020,2,4,33,
L,S3D2-1,S3,D2,1,APC,1/11/2020,1/13/2020,1,4,90,
L,S3D2-1,S3,D2,1,APC,1/11/2020,1/13/2020,2,4,105,
L,S3D2-2,S3,D2,2,APC,1/11/2020,1/13/2020,1,4,131,
L,S3D2-2,S3,D2,2,APC,1/11/2020,1/13/2020,2,4,114,
L,S3D2-3,S3,D2,3,APC,1/11/2020,1/13/2020,1,4,136,
L,S3D2-3,S3,D2,3,APC,1/11/2020,1/13/2020,2,4,159,
L,S3D2-1,S3,D2,1,GN,1/11/2020,1/13/2020,1,4,27,
L,S3D2-1,S3,D2,1,GN,1/11/2020,1/13/2020,2,4,27,
L,S3D2-2,S3,D2,2,GN,1/11/2020,1/13/2020,1,4,21,
L,S3D2-2,S3,D2,2,GN,1/11/2020,1/13/2020,2,4,31,
L,S3D2-3,S3,D2,3,GN,1/11/2020,1/13/2020,1,4,37,
L,S3D2-3,S3,D2,3,GN,1/11/2020,1/13/2020,2,4,41,
L,S3D4-1,S3,D4,1,APC,1/13/2020,1/15/2020,1,5,15,
L,S3D4-1,S3,D4,1,APC,1/13/2020,1/15/2020,2,5,14,
L,S3D4-2,S3,D4,2,APC,1/13/2020,1/15/2020,1,5,30,
L,S3D4-2,S3,D4,2,APC,1/13/2020,1/15/2020,2,5,24,
L,S3D4-3,S3,D4,3,APC,1/13/2020,1/15/2020,1,5,29,
L,S3D4-3,S3,D4,3,APC,1/13/2020,1/15/2020,2,5,29,
L,S3D4-1,S3,D4,1,GN,1/13/2020,1/15/2020,1,4,53,
L,S3D4-1,S3,D4,1,GN,1/13/2020,1/15/2020,2,4,58,
L,S3D4-2,S3,D4,2,GN,1/13/2020,1/15/2020,1,4,35,
L,S3D4-2,S3,D4,2,GN,1/13/2020,1/15/2020,2,4,39,
L,S3D4-3,S3,D4,3,GN,1/13/2020,1/15/2020,1,4,53,
L,S3D4-3,S3,D4,3,GN,1/13/2020,1/15/2020,2,4,53,
L,S3D6-1,S3,D6,1,APC,1/15/2020,1/17/2020,1,5,38,
L,S3D6-1,S3,D6,1,APC,1/15/2020,1/17/2020,2,5,43,
L,S3D6-2,S3,D6,2,APC,1/15/2020,1/17/2020,1,5,79,
L,S3D6-2,S3,D6,2,APC,1/15/2020,1/17/2020,2,5,75,
L,S3D6-3,S3,D6,3,APC,1/15/2020,1/17/2020,1,5,35,
L,S3D6-3,S3,D6,3,APC,1/15/2020,1/17/2020,2,5,39,
L,S3D6-1,S3,D6,1,GN,1/15/2020,1/17/2020,1,5,17,
L,S3D6-1,S3,D6,1,GN,1/15/2020,1/17/2020,2,5,10,
L,S3D6-2,S3,D6,2,GN,1/15/2020,1/17/2020,1,5,17,
L,S3D6-2,S3,D6,2,GN,1/15/2020,1/17/2020,2,5,8,
L,S3D6-3,S3,D6,3,GN,1/15/2020,1/17/2020,1,4,79,
L,S3D6-3,S3,D6,3,GN,1/15/2020,1/17/2020,2,4,88,
L,S3D8-1,S3,D8,1,APC,1/17/2020,1/19/2020,1,5,31,
L,S3D8-1,S3,D8,1,APC,1/17/2020,1/19/2020,2,5,22,
L,S3D8-2,S3,D8,2,APC,1/17/2020,1/19/2020,1,5,50,
L,S3D8-2,S3,D8,2,APC,1/17/2020,1/19/2020,2,5,48,
L,S3D8-3,S3,D8,3,APC,1/17/2020,1/19/2020,1,5,56,
L,S3D8-3,S3,D8,3,APC,1/17/2020,1/19/2020,2,5,68,
L,S3D8-1,S3,D8,1,GN,1/17/2020,1/19/2020,1,4,53,
L,S3D8-1,S3,D8,1,GN,1/17/2020,1/19/2020,2,4,65,
L,S3D8-2,S3,D8,2,GN,1/17/2020,1/19/2020,1,4,83,
L,S3D8-2,S3,D8,2,GN,1/17/2020,1/19/2020,2,4,92,
L,S3D8-3,S3,D8,3,GN,1/17/2020,1/19/2020,1,4,108,
L,S3D8-3,S3,D8,3,GN,1/17/2020,1/19/2020,2,4,106,
L,S3D10-1,S3,D10,1,APC,1/19/2020,1/21/2020,1,5,26,
L,S3D10-1,S3,D10,1,APC,1/19/2020,1/21/2020,2,5,21,
L,S3D10-2,S3,D10,2,APC,1/19/2020,1/21/2020,1,5,25,
L,S3D10-2,S3,D10,2,APC,1/19/2020,1/21/2020,2,5,23,
L,S3D10-3,S3,D10,3,APC,1/19/2020,1/21/2020,1,4,152,
L,S3D10-3,S3,D10,3,APC,1/19/2020,1/21/2020,2,4,125,
L,S3D10-1,S3,D10,1,GN,1/19/2020,1/21/2020,1,4,38,
L,S3D10-1,S3,D10,1,GN,1/19/2020,1/21/2020,2,4,43,
L,S3D10-2,S3,D10,2,GN,1/19/2020,1/21/2020,1,4,67,
L,S3D10-2,S3,D10,2,GN,1/19/2020,1/21/2020,2,4,61,
L,S3D10-3,S3,D10,3,GN,1/19/2020,1/21/2020,1,4,25,
L,S3D10-3,S3,D10,3,GN,1/19/2020,1/21/2020,2,4,21,
L,S4H1,S4,H,1,APC,1/10/2020,1/12/2020,1,4,66,
L,S4H1,S4,H,1,APC,1/10/2020,1/12/2020,2,4,76,
L,S4H2,S4,H,2,APC,1/10/2020,1/12/2020,1,4,120,
L,S4H2,S4,H,2,APC,1/10/2020,1/12/2020,2,4,103,
L,S4H3,S4,H,3,APC,1/10/2020,1/12/2020,1,5,74,
L,S4H3,S4,H,3,APC,1/10/2020,1/12/2020,2,5,90,
L,S4H1,S4,H,1,GN,1/10/2020,1/12/2020,1,4,12,
L,S4H1,S4,H,1,GN,1/10/2020,1/12/2020,2,4,26,
L,S4H2,S4,H,2,GN,1/10/2020,1/12/2020,1,4,43,
L,S4H2,S4,H,2,GN,1/10/2020,1/12/2020,2,4,33,
L,S4H3,S4,H,3,GN,1/10/2020,1/12/2020,1,5,14,
L,S4H3,S4,H,3,GN,1/10/2020,1/12/2020,2,5,24,
L,S4D0-1,S4,D0,1,APC,1/11/2020,1/13/2020,1,4,56,
L,S4D0-1,S4,D0,1,APC,1/11/2020,1/13/2020,2,4,67,
L,S4D0-2,S4,D0,2,APC,1/11/2020,1/13/2020,1,5,25,
L,S4D0-2,S4,D0,2,APC,1/11/2020,1/13/2020,2,5,31,
L,S4D0-3,S4,D0,3,APC,1/11/2020,1/13/2020,1,4,46,
L,S4D0-3,S4,D0,3,APC,1/11/2020,1/13/2020,2,4,30,
L,S4D0-1,S4,D0,1,GN,1/11/2020,1/13/2020,1,3,142,
L,S4D0-1,S4,D0,1,GN,1/11/2020,1/13/2020,2,3,141,
L,S4D0-2,S4,D0,2,GN,1/11/2020,1/13/2020,1,4,23,
L,S4D0-2,S4,D0,2,GN,1/11/2020,1/13/2020,2,4,22,
L,S4D0-3,S4,D0,3,GN,1/11/2020,1/13/2020,1,3,61,
L,S4D0-3,S4,D0,3,GN,1/11/2020,1/13/2020,2,3,85,
L,S5H1,S5,H,1,APC,1/11/2020,1/13/2020,1,4,48,
L,S5H1,S5,H,1,APC,1/11/2020,1/13/2020,2,4,44,
L,S5H2,S5,H,2,APC,1/11/2020,1/13/2020,1,4,76,
L,S5H2,S5,H,2,APC,1/11/2020,1/13/2020,2,4,57,
L,S5H3,S5,H,3,APC,1/11/2020,1/13/2020,1,5,18,
L,S5H3,S5,H,3,APC,1/11/2020,1/13/2020,2,5,31,
L,S5H1,S5,H,1,GN,1/11/2020,1/13/2020,1,3,96,
L,S5H1,S5,H,1,GN,1/11/2020,1/13/2020,2,3,105,
L,S5H2,S5,H,2,GN,1/11/2020,1/13/2020,1,3,86,
L,S5H2,S5,H,2,GN,1/11/2020,1/13/2020,2,3,65,
L,S5H3,S5,H,3,GN,1/11/2020,1/13/2020,1,4,56,
L,S5H3,S5,H,3,GN,1/11/2020,1/13/2020,2,4,61,
L,S5D0-1,S5,D0,1,APC,Not Packed,Not Packed,Not Packed,Not Packed,Not Packed,Not Packed
L,S5D0-1,S5,D0,1,APC,Not Packed,Not Packed,Not Packed,Not Packed,Not Packed,Not Packed
L,S5D0-2,S5,D0,2,APC,Not Packed,Not Packed,Not Packed,Not Packed,Not Packed,Not Packed
L,S5D0-2,S5,D0,2,APC,Not Packed,Not Packed,Not Packed,Not Packed,Not Packed,Not Packed
L,S5D0-3,S5,D0,3,APC,Not Packed,Not Packed,Not Packed,Not Packed,Not Packed,Not Packed
L,S5D0-3,S5,D0,3,APC,Not Packed,Not Packed,Not Packed,Not Packed,Not Packed,Not Packed
L,S5D0-1,S5,D0,1,GN,Not Packed,Not Packed,Not Packed,Not Packed,Not Packed,Not Packed
L,S5D0-1,S5,D0,1,GN,Not Packed,Not Packed,Not Packed,Not Packed,Not Packed,Not Packed
L,S5D0-2,S5,D0,2,GN,Not Packed,Not Packed,Not Packed,Not Packed,Not Packed,Not Packed
L,S5D0-2,S5,D0,2,GN,Not Packed,Not Packed,Not Packed,Not Packed,Not Packed,Not Packed
L,S5D0-3,S5,D0,3,GN,Not Packed,Not Packed,Not Packed,Not Packed,Not Packed,Not Packed
L,S5D0-3,S5,D0,3,GN,Not Packed,Not Packed,Not Packed,Not Packed,Not Packed,Not Packed
L,S6H1,S6,H,1,APC,1/13/2020,1/15/2020,1,4,15,
L,S6H1,S6,H,1,APC,1/13/2020,1/15/2020,2,4,20,
L,S6H2,S6,H,2,APC,1/13/2020,1/15/2020,1,4,31,
L,S6H2,S6,H,2,APC,1/13/2020,1/15/2020,2,4,45,
L,S6H3,S6,H,3,APC,1/13/2020,1/15/2020,1,4,26,
L,S6H3,S6,H,3,APC,1/13/2020,1/15/2020,2,4,32,
L,S6H1,S6,H,1,GN,1/13/2020,1/15/2020,1,3,40,
L,S6H1,S6,H,1,GN,1/13/2020,1/15/2020,2,3,49,
L,S6H2,S6,H,2,GN,1/13/2020,1/15/2020,1,4,17,
L,S6H2,S6,H,2,GN,1/13/2020,1/15/2020,2,4,20,
L,S6H3,S6,H,3,GN,1/13/2020,1/15/2020,1,3,75,
L,S6H3,S6,H,3,GN,1/13/2020,1/15/2020,2,3,73,
L,S6D0-1,S6,D0,1,APC,Not Packed,Not Packed,Not Packed,Not Packed,Not Packed,Not Packed
L,S6D0-1,S6,D0,1,APC,Not Packed,Not Packed,Not Packed,Not Packed,Not Packed,Not Packed
L,S6D0-2,S6,D0,2,APC,Not Packed,Not Packed,Not Packed,Not Packed,Not Packed,Not Packed
L,S6D0-2,S6,D0,2,APC,Not Packed,Not Packed,Not Packed,Not Packed,Not Packed,Not Packed
L,S6D0-3,S6,D0,3,APC,Not Packed,Not Packed,Not Packed,Not Packed,Not Packed,Not Packed
L,S6D0-3,S6,D0,3,APC,Not Packed,Not Packed,Not Packed,Not Packed,Not Packed,Not Packed
L,S6D0-1,S6,D0,1,GN,Not Packed,Not Packed,Not Packed,Not Packed,Not Packed,Not Packed
L,S6D0-1,S6,D0,1,GN,Not Packed,Not Packed,Not Packed,Not Packed,Not Packed,Not Packed
L,S6D0-2,S6,D0,2,GN,Not Packed,Not Packed,Not Packed,Not Packed,Not Packed,Not Packed
L,S6D0-2,S6,D0,2,GN,Not Packed,Not Packed,Not Packed,Not Packed,Not Packed,Not Packed
L,S6D0-3,S6,D0,3,GN,Not Packed,Not Packed,Not Packed,Not Packed,Not Packed,Not Packed
L,S6D0-3,S6,D0,3,GN,Not Packed,Not Packed,Not Packed,Not Packed,Not Packed,Not Packed
L,S7H1,S7,H,1,APC,1/14/2020,1/16/2020,1,5,15,
L,S7H1,S7,H,1,APC,1/14/2020,1/16/2020,2,5,9,
L,S7H2,S7,H,2,APC,1/14/2020,1/16/2020,1,5,24,
L,S7H2,S7,H,2,APC,1/14/2020,1/16/2020,2,5,17,
L,S7H3,S7,H,3,APC,1/14/2020,1/16/2020,1,4,99,
L,S7H3,S7,H,3,APC,1/14/2020,1/16/2020,2,4,89,
L,S7H1,S7,H,1,GN,1/14/2020,1/16/2020,1,4,34,
L,S7H1,S7,H,1,GN,1/14/2020,1/16/2020,2,4,27,
L,S7H2,S7,H,2,GN,1/14/2020,1/16/2020,1,4,52,
L,S7H2,S7,H,2,GN,1/14/2020,1/16/2020,2,4,34,
L,S7H3,S7,H,3,GN,1/14/2020,1/16/2020,1,4,27,
L,S7H3,S7,H,3,GN,1/14/2020,1/16/2020,2,4,18,
L,S7D0-1,S7,D0,1,APC,1/15/2020,1/17/2020,1,5,11,
L,S7D0-1,S7,D0,1,APC,1/15/2020,1/17/2020,2,5,20,
L,S7D0-2,S7,D0,2,APC,1/15/2020,1/17/2020,1,4,68,
L,S7D0-2,S7,D0,2,APC,1/15/2020,1/17/2020,2,4,69,
L,S7D0-3,S7,D0,3,APC,1/15/2020,1/17/2020,1,4,53,
L,S7D0-3,S7,D0,3,APC,1/15/2020,1/17/2020,2,4,56,
L,S7D0-1,S7,D0,1,GN,1/15/2020,1/17/2020,1,4,47,
L,S7D0-1,S7,D0,1,GN,1/15/2020,1/17/2020,2,4,41,
L,S7D0-2,S7,D0,2,GN,1/15/2020,1/17/2020,1,4,25,
L,S7D0-2,S7,D0,2,GN,1/15/2020,1/17/2020,2,4,21,
L,S7D0-3,S7,D0,3,GN,1/15/2020,1/17/2020,1,4,23,
L,S7D0-3,S7,D0,3,GN,1/15/2020,1/17/2020,2,4,15,
L,S8H1,S8,H,1,APC,1/15/2020,1/17/2020,1,4,49,
L,S8H1,S8,H,1,APC,1/15/2020,1/17/2020,2,4,44,
L,S8H2,S8,H,2,APC,1/15/2020,1/17/2020,1,5,35,
L,S8H2,S8,H,2,APC,1/15/2020,1/17/2020,2,5,31,
L,S8H3,S8,H,3,APC,1/15/2020,1/17/2020,1,5,16,
L,S8H3,S8,H,3,APC,1/15/2020,1/17/2020,2,5,11,
L,S8H1,S8,H,1,GN,1/15/2020,1/17/2020,1,3,53,
L,S8H1,S8,H,1,GN,1/15/2020,1/17/2020,2,3,97,
L,S8H2,S8,H,2,GN,1/15/2020,1/17/2020,1,4,122,
L,S8H2,S8,H,2,GN,1/15/2020,1/17/2020,2,4,125,
L,S8H3,S8,H,3,GN,1/15/2020,1/17/2020,1,4,47,
L,S8H3,S8,H,3,GN,1/15/2020,1/17/2020,2,4,49,
L,S8T1,S8,T,1,APC,1/15/2020,1/17/2020,1,5,28,
L,S8T1,S8,T,1,APC,1/15/2020,1/17/2020,2,5,26,
L,S8T2,S8,T,2,APC,1/15/2020,1/17/2020,1,4,77,
L,S8T2,S8,T,2,APC,1/15/2020,1/17/2020,2,4,83,
L,S8T3,S8,T,3,APC,1/15/2020,1/17/2020,1,5,22,
L,S8T3,S8,T,3,APC,1/15/2020,1/17/2020,2,5,11,
L,S8T1,S8,T,1,GN,1/15/2020,1/17/2020,1,4,60,
L,S8T1,S8,T,1,GN,1/15/2020,1/17/2020,2,4,79,
L,S8T2,S8,T,2,GN,1/15/2020,1/17/2020,1,4,20,
L,S8T2,S8,T,2,GN,1/15/2020,1/17/2020,2,4,24,
L,S8T3,S8,T,3,GN,1/15/2020,1/17/2020,1,4,88,
L,S8T3,S8,T,3,GN,1/15/2020,1/17/2020,2,4,85,
L,S8D0-1,S8,D0,1,APC,Not Packed,Not Packed,Not Packed,Not Packed,Not Packed,Not Packed
L,S8D0-1,S8,D0,1,APC,Not Packed,Not Packed,Not Packed,Not Packed,Not Packed,Not Packed
L,S8D0-2,S8,D0,2,APC,Not Packed,Not Packed,Not Packed,Not Packed,Not Packed,Not Packed
L,S8D0-2,S8,D0,2,APC,Not Packed,Not Packed,Not Packed,Not Packed,Not Packed,Not Packed
L,S8D0-3,S8,D0,3,APC,Not Packed,Not Packed,Not Packed,Not Packed,Not Packed,Not Packed
L,S8D0-3,S8,D0,3,APC,Not Packed,Not Packed,Not Packed,Not Packed,Not Packed,Not Packed
L,S8D0-1,S8,D0,1,GN,Not Packed,Not Packed,Not Packed,Not Packed,Not Packed,Not Packed
L,S8D0-1,S8,D0,1,GN,Not Packed,Not Packed,Not Packed,Not Packed,Not Packed,Not Packed
L,S8D0-2,S8,D0,2,GN,Not Packed,Not Packed,Not Packed,Not Packed,Not Packed,Not Packed
L,S8D0-2,S8,D0,2,GN,Not Packed,Not Packed,Not Packed,Not Packed,Not Packed,Not Packed
L,S8D0-3,S8,D0,3,GN,Not Packed,Not Packed,Not Packed,Not Packed,Not Packed,Not Packed
L,S8D0-3,S8,D0,3,GN,Not Packed,Not Packed,Not Packed,Not Packed,Not Packed,Not Packed
L,S9H1,S9,H,1,APC,1/16/2020,1/18/2020,1,5,59,
L,S9H1,S9,H,1,APC,1/16/2020,1/18/2020,2,5,54,
L,S9H2,S9,H,2,APC,1/16/2020,1/18/2020,1,4,120,
L,S9H2,S9,H,2,APC,1/16/2020,1/18/2020,2,4,99,
L,S9H3,S9,H,3,APC,1/16/2020,1/18/2020,1,4,63,
L,S9H3,S9,H,3,APC,1/16/2020,1/18/2020,2,4,61,
L,S9H1,S9,H,1,GN,1/16/2020,1/18/2020,1,5,20,
L,S9H1,S9,H,1,GN,1/16/2020,1/18/2020,2,5,13,
L,S9H2,S9,H,2,GN,1/16/2020,1/18/2020,1,4,36,
L,S9H2,S9,H,2,GN,1/16/2020,1/18/2020,2,4,37,
L,S9H3,S9,H,3,GN,1/16/2020,1/18/2020,1,4,28,
L,S9H3,S9,H,3,GN,1/16/2020,1/18/2020,2,4,34,
L,S9T1,S9,T,1,APC,1/16/2020,1/18/2020,1,4,49,
L,S9T1,S9,T,1,APC,1/16/2020,1/18/2020,2,4,55,
L,S9T2,S9,T,2,APC,1/16/2020,1/18/2020,1,4,79,
L,S9T2,S9,T,2,APC,1/16/2020,1/18/2020,2,4,96,
L,S9T3,S9,T,3,APC,1/16/2020,1/18/2020,1,4,82,
L,S9T3,S9,T,3,APC,1/16/2020,1/18/2020,2,4,64,
L,S9T1,S9,T,1,GN,1/16/2020,1/18/2020,1,4,12,
L,S9T1,S9,T,1,GN,1/16/2020,1/18/2020,2,4,20,
L,S9T2,S9,T,2,GN,1/16/2020,1/18/2020,1,4,36,
L,S9T2,S9,T,2,GN,1/16/2020,1/18/2020,2,4,41,
L,S9T3,S9,T,3,GN,1/16/2020,1/18/2020,1,4,26,
L,S9T3,S9,T,3,GN,1/16/2020,1/18/2020,2,4,32,
L,S9D0-1,S9,D0,1,APC,1/17/2020,1/19/2020,1,4,52,
L,S9D0-1,S9,D0,1,APC,1/17/2020,1/19/2020,2,4,48,
L,S9D0-2,S9,D0,2,APC,1/17/2020,1/19/2020,1,4,26,
L,S9D0-2,S9,D0,2,APC,1/17/2020,1/19/2020,2,4,32,
L,S9D0-3,S9,D0,3,APC,1/17/2020,1/19/2020,1,5,57,
L,S9D0-3,S9,D0,3,APC,1/17/2020,1/19/2020,2,5,40,
L,S9D0-1,S9,D0,1,GN,1/17/2020,1/19/2020,1,4,24,
L,S9D0-1,S9,D0,1,GN,1/17/2020,1/19/2020,2,4,35,
L,S9D0-2,S9,D0,2,GN,1/17/2020,1/19/2020,1,3,125,
L,S9D0-2,S9,D0,2,GN,1/17/2020,1/19/2020,2,3,139,
L,S9D0-3,S9,D0,3,GN,1/17/2020,1/19/2020,1,4,116,
L,S9D0-3,S9,D0,3,GN,1/17/2020,1/19/2020,2,4,124,
E,F1D3S1,F1,D3,1,GN,,,1,4,120,
E,F1D3S1,F1,D3,1,GN,,,2,4,135,
E,F1D3S1,F1,D3,1,APC,,,1,5,39,
E,F1D3S1,F1,D3,1,APC,,,2,5,35,
E,F1D3S1,F1,D3,1,YM,,,1,3,62,
E,F1D3S1,F1,D3,1,YM,,,2,3,67,
E,F1D3S2,F1,D3,2,GN,,,1,4,30,
E,F1D3S2,F1,D3,2,GN,,,2,4,31,
E,F1D3S2,F1,D3,2,APC,,,1,4,192,
E,F1D3S2,F1,D3,2,APC,,,2,4,196,
E,F1D3S2,F1,D3,2,APC,,,1,5,25,
E,F1D3S2,F1,D3,2,APC,,,2,5,19,
E,F1D3S3,F1,D3,3,GN,,,1,4,109,
E,F1D3S3,F1,D3,3,GN,,,2,4,103,
E,F1D3S3,F1,D3,3,APC,,,1,4,248,
E,F1D3S3,F1,D3,3,APC,,,2,4,270,
E,F1D3S3,F1,D3,3,APC,,,1,5,22,
E,F1D3S3,F1,D3,3,APC,,,2,5,22,
E,F1D3S3,F1,D3,3,YM,,,1,3,80,
E,F1D3S3,F1,D3,3,YM,,,2,3,88,
E,F1D5S1,F1,D5,1,GN,,,1,4,96,
E,F1D5S1,F1,D5,1,GN,,,2,4,105,
E,F1D5S1,F1,D5,1,APC,,,1,4,182,
E,F1D5S1,F1,D5,1,APC,,,2,4,202,
E,F1D5S1,F1,D5,1,YM,,,1,4,13,
E,F1D5S1,F1,D5,1,YM,,,2,4,14,
E,F1D5S2,F1,D5,2,GN,,,1,3,170,
E,F1D5S2,F1,D5,2,GN,,,2,3,217,
E,F1D5S2,F1,D5,2,APC,,,1,4,188,
E,F1D5S2,F1,D5,2,APC,,,2,4,203,
E,F1D5S2,F1,D5,2,YM,,,1,4,5,
E,F1D5S2,F1,D5,2,YM,,,2,4,12,
E,F1D5S3,F1,D5,3,GN,,,1,4,81,
E,F1D5S3,F1,D5,3,GN,,,2,4,83,
E,F1D5S3,F1,D5,3,APC,,,1,4,147,
E,F1D5S3,F1,D5,3,APC,,,2,4,172,
E,F1D5S3,F1,D5,3,YM,,,1,4,6,
E,F1D5S3,F1,D5,3,YM,,,2,4,8,
E,F1D7S1,F1,D7,1,GN,,,2,3,101,
E,F1D7S1,F1,D7,1,APC,,,1,5,28,
E,F1D7S1,F1,D7,1,APC,,,2,5,29,
E,F1D7S1,F1,D7,1,YM,,,1,4,28,
E,F1D7S1,F1,D7,1,YM,,,2,4,31,
E,F1D7S2,F1,D7,2,GN,,,1,4,53,
E,F1D7S2,F1,D7,2,GN,,,2,4,56,
E,F1D7S2,F1,D7,2,APC,,,1,4,254,
E,F1D7S2,F1,D7,2,APC,,,2,4,288,
E,F1D7S2,F1,D7,2,YM,,,1,4,123,
E,F1D7S2,F1,D7,2,YM,,,2,4,136,
E,F1D7S3,F1,D7,3,GN,,,1,4,46,
E,F1D7S3,F1,D7,3,GN,,,2,4,62,
E,F1D7S3,F1,D7,3,APC,,,1,4,244,
E,F1D7S3,F1,D7,3,APC,,,2,4,287,
E,F1D7S3,F1,D7,3,YM,,,1,4,124,
E,F1D7S3,F1,D7,3,YM,,,2,4,113,
E,F1D10S1,F1,D10,1,GN,,,1,4,203,
E,F1D10S1,F1,D10,1,GN,,,2,4,222,
E,F1D10S1,F1,D10,1,APC,,,1,5,109,
E,F1D10S1,F1,D10,1,APC,,,2,5,108,
E,F1D10S1,F1,D10,1,YM,,,1,4,17,
E,F1D10S1,F1,D10,1,YM,,,2,4,21,
E,F1D10S2,F1,D10,2,GN,,,1,4,40,
E,F1D10S2,F1,D10,2,GN,,,2,4,54,
E,F1D10S2,F1,D10,2,APC,,,1,4,99,
E,F1D10S2,F1,D10,2,APC,,,2,4,89,
E,F1D10S2,F1,D10,2,YM,,,1,3,75,
E,F1D10S2,F1,D10,2,YM,,,2,3,61,
E,F1D10S3,F1,D10,3,GN,,,1,4,133,
E,F1D10S3,F1,D10,3,GN,,,2,4,138,
E,F1D10S3,F1,D10,3,APC,,,1,5,32,
E,F1D10S3,F1,D10,3,APC,,,2,5,39,
E,F1D10S3,F1,D10,3,YM,,,1,3,82,
E,F1D10S3,F1,D10,3,YM,,,2,3,64,
E,R2D3S1,R2,D3,1,GN,,,1,3,81,
E,R2D3S1,R2,D3,1,GN,,,2,3,82,
E,R2D3S1,R2,D3,1,APC,,,1,4,47,
E,R2D3S1,R2,D3,1,APC,,,2,4,60,
E,R2D3S1,R2,D3,1,YM,,,1,3,23,
E,R2D3S1,R2,D3,1,YM,,,2,3,24,
E,R2D3S2,R2,D3,2,GN,,,1,4,102,
E,R2D3S2,R2,D3,2,GN,,,2,4,92,
E,R2D3S2,R2,D3,2,APC,,,1,5,31,
E,R2D3S2,R2,D3,2,APC,,,2,5,32,
E,R2D3S2,R2,D3,2,YM,,,1,3,42,
E,R2D3S2,R2,D3,2,YM,,,2,3,45,
E,R2D3S3,R2,D3,3,GN,,,1,4,74,
E,R2D3S3,R2,D3,3,GN,,,2,4,88,
E,R2D3S3,R2,D3,3,APC,,,1,5,40,
E,R2D3S3,R2,D3,3,APC,,,2,5,45,
E,R2D3S3,R2,D3,3,YM,,,1,3,47,
E,R2D3S3,R2,D3,3,YM,,,2,3,34,
E,R2D10S1,R2,D10,1,GN,,,1,3,108,
E,R2D10S1,R2,D10,1,GN,,,2,3,111,
E,R2D10S1,R2,D10,1,APC,,,1,4,66,
E,R2D10S1,R2,D10,1,APC,,,2,4,63,
E,R2D10S1,R2,D10,1,YM,,,1,3,41,
E,R2D10S1,R2,D10,1,YM,,,2,3,34,
E,R2D10S2,R2,D10,2,GN,,,1,3,40,
E,R2D10S2,R2,D10,2,GN,,,2,3,43,
E,R2D10S2,R2,D10,2,APC,,,1,4,36,
E,R2D10S2,R2,D10,2,APC,,,2,4,37,
E,R2D10S2,R2,D10,2,YM,,,1,3,37,
E,R2D10S2,R2,D10,2,YM,,,2,3,27,
E,R2D10S3,R2,D10,3,GN,,,1,3,76,
E,R2D10S3,R2,D10,3,GN,,,2,3,95,
E,R2D10S3,R2,D10,3,APC,,,1,4,64,
E,R2D10S3,R2,D10,3,APC,,,2,4,86,
E,R2D10S3,R2,D10,3,YM,,,1,3,57,
E,R2D10S3,R2,D10,3,YM,,,2,3,69,
E,R3D3S1,R3,D3,1,GN,,,1,4,213,
E,R3D3S1,R3,D3,1,GN,,,2,4,223,
E,R3D3S1,R3,D3,1,APC,,,1,5,39,
E,R3D3S1,R3,D3,1,APC,,,2,5,43,
E,R3D3S1,R3,D3,1,YM,,,1,4,56,
E,R3D3S1,R3,D3,1,YM,,,2,4,58,
E,R3D3S2,R3,D3,2,GN,,,1,4,171,
E,R3D3S2,R3,D3,2,GN,,,2,4,183,
E,R3D3S2,R3,D3,2,APC,,,1,4,273,
E,R3D3S2,R3,D3,2,APC,,,2,4,240,
E,R3D3S2,R3,D3,2,YM,,,1,3,91,
E,R3D3S2,R3,D3,2,YM,,,2,3,69,
E,R3D3S3,R3,D3,3,GN,,,1,4,107,
E,R3D3S3,R3,D3,3,GN,,,2,4,126,
E,R3D3S3,R3,D3,3,APC,,,1,5,32,
E,R3D3S3,R3,D3,3,APC,,,2,5,28,
E,R3D3S3,R3,D3,3,YM,,,1,3,64,
E,R3D3S3,R3,D3,3,YM,,,2,3,75,
E,R3D10S1,R3,D10,1,GN,,,1,4,301,
E,R3D10S1,R3,D10,1,GN,,,2,4,271,
E,R3D10S1,R3,D10,1,APC,,,1,5,60,
E,R3D10S1,R3,D10,1,APC,,,2,5,67,
E,R3D10S1,R3,D10,1,YM,,,1,3,74,
E,R3D10S1,R3,D10,1,YM,,,2,3,81,
E,R3D10S2,R3,D10,2,GN,,,1,4,165,
E,R3D10S2,R3,D10,2,GN,,,2,4,135,
E,R3D10S2,R3,D10,2,APC,,,1,5,57,
E,R3D10S2,R3,D10,2,APC,,,2,5,73,
E,R3D10S2,R3,D10,2,YM,,,1,3,142,
E,R3D10S2,R3,D10,2,YM,,,2,3,143,
E,R3D10S3,R3,D10,3,GN,,,1,4,72,
E,R3D10S3,R3,D10,3,GN,,,2,4,46,
E,R3D10S3,R3,D10,3,APC,,,1,4,156,
E,R3D10S3,R3,D10,3,APC,,,2,4,182,
E,R3D10S3,R3,D10,3,YM,,,1,3,96,
E,R3D10S3,R3,D10,3,YM,,,2,3,96,
E,F2D3S1,F2,D3,1,GN,,,1,3,75,
E,F2D3S1,F2,D3,1,GN,,,2,3,80,
E,F2D3S1,F2,D3,1,APC,,,1,5,42,
E,F2D3S1,F2,D3,1,APC,,,2,5,53,
E,F2D3S1,F2,D3,1,YM,,,1,3,62,
E,F2D3S1,F2,D3,1,YM,,,2,3,71,
E,F2D3S2,F2,D3,2,GN,,,1,3,136,
E,F2D3S2,F2,D3,2,GN,,,2,3,143,
E,F2D3S2,F2,D3,2,APC,,,1,5,70,
E,F2D3S2,F2,D3,2,APC,,,2,5,77,
E,F2D3S2,F2,D3,2,YM,,,1,4,63,
E,F2D3S2,F2,D3,2,YM,,,2,4,70,
E,F2D3S3,F2,D3,3,GN,,,1,3,181,
E,F2D3S3,F2,D3,3,GN,,,2,3,183,
E,F2D3S3,F2,D3,3,APC,,,1,5,247,
E,F2D3S3,F2,D3,3,APC,,,2,5,39,
E,F2D3S3,F2,D3,3,YM,,,1,3,55,
E,F2D3S3,F2,D3,3,YM,,,2,3,64,
E,F2D5S1,F2,D5,1,GN,,,1,4,40,
E,F2D5S1,F2,D5,1,GN,,,2,4,31,
E,F2D5S1,F2,D5,1,APC,,,1,4,173,
E,F2D5S1,F2,D5,1,APC,,,2,4,163,
E,F2D5S1,F2,D5,1,YM,,,1,3,68,
E,F2D5S1,F2,D5,1,YM,,,2,3,82,
E,F2D5S2,F2,D5,2,GN,,,1,4,54,
E,F2D5S2,F2,D5,2,GN,,,2,4,47,
E,F2D5S2,F2,D5,2,APC,,,1,4,130,
E,F2D5S2,F2,D5,2,APC,,,2,4,135,
E,F2D5S2,F2,D5,2,YM,,,1,4,28,
E,F2D5S2,F2,D5,2,YM,,,2,4,35,
E,F2D5S3,F2,D5,3,GN,,,1,4,94,
E,F2D5S3,F2,D5,3,GN,,,2,4,120,
E,F2D5S3,F2,D5,3,APC,,,1,5,26,
E,F2D5S3,F2,D5,3,APC,,,2,5,38,
E,F2D5S3,F2,D5,3,YM,,,1,4,66,
E,F2D5S3,F2,D5,3,YM,,,2,4,52,
E,F2D7S1,F2,D7,1,GN,,,1,4,61,
E,F2D7S1,F2,D7,1,GN,,,2,4,68,
E,F2D7S1,F2,D7,1,APC,,,1,4,154,
E,F2D7S1,F2,D7,1,APC,,,2,4,194,
E,F2D7S1,F2,D7,1,YM,,,1,3,77,
E,F2D7S1,F2,D7,1,YM,,,2,3,94,
E,F2D7S2,F2,D7,2,GN,,,1,3,244,
E,F2D7S2,F2,D7,2,GN,,,2,3,215,
E,F2D7S2,F2,D7,2,APC,,,1,4,166,
E,F2D7S2,F2,D7,2,APC,,,2,4,184,
E,F2D7S2,F2,D7,2,YM,,,1,4,31,
E,F2D7S2,F2,D7,2,YM,,,2,4,28,
E,F2D7S3,F2,D7,3,GN,,,1,4,52,
E,F2D7S3,F2,D7,3,GN,,,2,4,35,
E,F2D7S3,F2,D7,3,APC,,,1,4,100,
E,F2D7S3,F2,D7,3,APC,,,2,4,185,
E,F2D7S3,F2,D7,3,YM,,,1,4,28,
E,F2D7S3,F2,D7,3,YM,,,2,4,32,
E,F2D10S1,F2,D10,1,GN,,,1,3,216,
E,F2D10S1,F2,D10,1,GN,,,2,3,218,
E,F2D10S1,F2,D10,1,APC,,,1,4,221,
E,F2D10S1,F2,D10,1,APC,,,2,4,250,
E,F2D10S1,F2,D10,1,YM,,,1,3,61,
E,F2D10S1,F2,D10,1,YM,,,2,3,71,
E,F2D10S2,F2,D10,2,GN,,,1,4,205,
E,F2D10S2,F2,D10,2,GN,,,2,4,207,
E,F2D10S2,F2,D10,2,APC,,,1,5,72,
E,F2D10S2,F2,D10,2,APC,,,2,5,76,
E,F2D10S2,F2,D10,2,YM,,,1,4,84,
E,F2D10S2,F2,D10,2,YM,,,2,4,94,
E,F2D10S3,F2,D10,3,GN,,,1,4,41,
E,F2D10S3,F2,D10,3,GN,,,2,4,46,
E,F2D10S3,F2,D10,3,APC,,,1,5,30,
E,F2D10S3,F2,D10,3,APC,,,2,5,37,
E,F2D10S3,F2,D10,3,YM,,,1,4,28,
E,F2D10S3,F2,D10,3,YM,,,2,4,29,
E,R4D3S1,R4,D3,1,GN,,,1,4,103,
E,R4D3S1,R4,D3,1,GN,,,2,4,117,
E,R4D3S1,R4,D3,1,APC,,,1,5,84,
E,R4D3S1,R4,D3,1,APC,,,2,5,97,
E,R4D3S1,R4,D3,1,YM,,,1,4,31,
E,R4D3S1,R4,D3,1,YM,,,2,4,33,
E,R4D3S2,R4,D3,2,GN,,,1,4,28,
E,R4D3S2,R4,D3,2,GN,,,2,4,36,
E,R4D3S2,R4,D3,2,APC,,,1,5,38,
E,R4D3S2,R4,D3,2,APC,,,2,5,54,
E,R4D3S2,R4,D3,2,YM,,,1,4,22,
E,R4D3S2,R4,D3,2,YM,,,2,4,24,
E,R4D3S3,R4,D3,3,GN,,,1,4,66,
E,R4D3S3,R4,D3,3,GN,,,2,4,54,
E,R4D3S3,R4,D3,3,APC,,,1,4,120,
E,R4D3S3,R4,D3,3,APC,,,2,4,123,
E,R4D3S3,R4,D3,3,YM,,,1,4,39,
E,R4D3S3,R4,D3,3,YM,,,2,4,39,
E,R4D10S1,R4,D10,1,GN,,,1,4,47,
E,R4D10S1,R4,D10,1,GN,,,2,4,50,
E,R4D10S1,R4,D10,1,APC,,,1,5,25,
E,R4D10S1,R4,D10,1,APC,,,2,5,29,
E,R4D10S1,R4,D10,1,YM,,,1,3,51,
E,R4D10S1,R4,D10,1,YM,,,2,3,54,
E,R4D10S2,R4,D10,2,GN,,,1,4,74,
E,R4D10S2,R4,D10,2,GN,,,2,4,78,
E,R4D10S2,R4,D10,2,APC,,,1,5,69,
E,R4D10S2,R4,D10,2,APC,,,2,5,54,
E,R4D10S2,R4,D10,2,YM,,,1,3,91,
E,R4D10S2,R4,D10,2,YM,,,2,3,87,
E,R4D10S3,R4,D10,3,GN,,,1,4,302,
E,R4D10S3,R4,D10,3,GN,,,2,4,308,
E,R4D10S3,R4,D10,3,APC,,,1,5,158,
E,R4D10S3,R4,D10,3,APC,,,2,5,170,
E,R4D10S3,R4,D10,3,YM,,,1,4,36,
E,R4D10S3,R4,D10,3,YM,,,2,4,37,
E,R5D3S1,R5,D3,1,GN,,,1,4,99,
E,R5D3S1,R5,D3,1,GN,,,2,4,118,
E,R5D3S1,R5,D3,1,APC,,,1,5,29,
E,R5D3S1,R5,D3,1,APC,,,2,5,35,
E,R5D3S1,R5,D3,1,YM,,,1,3,36,
E,R5D3S1,R5,D3,1,YM,,,2,3,40,
E,R5D3S2,R5,D3,2,GN,,,1,3,52,
E,R5D3S2,R5,D3,2,GN,,,2,3,66,
E,R5D3S2,R5,D3,2,APC,,,1,4,39,
E,R5D3S2,R5,D3,2,APC,,,2,4,40,
E,R5D3S2,R5,D3,2,YM,,,1,3,18,
E,R5D3S2,R5,D3,2,YM,,,2,3,19,
E,R5D3S3,R5,D3,3,GN,,,1,5,109,
E,R5D3S3,R5,D3,3,GN,,,2,5,109,
E,R5D3S3,R5,D3,3,APC,,,1,5,170,
E,R5D3S3,R5,D3,3,APC,,,2,5,175,
E,R5D3S3,R5,D3,3,YM,,,1,4,1,
E,R5D3S3,R5,D3,3,YM,,,2,4,1,
E,R5D10S1,R5,D10,1,GN,,,1,4,108,
E,R5D10S1,R5,D10,1,GN,,,2,4,116,
E,R5D10S1,R5,D10,1,APC,,,1,5,54,
E,R5D10S1,R5,D10,1,APC,,,2,5,56,
E,R5D10S1,R5,D10,1,YM,,,1,3,44,
E,R5D10S1,R5,D10,1,YM,,,2,3,31,
E,R5D10S2,R5,D10,2,GN,,,1,5,150,
E,R5D10S2,R5,D10,2,GN,,,2,5,165,
E,R5D10S2,R5,D10,2,APC,,,1,5,283,
E,R5D10S2,R5,D10,2,APC,,,2,5,297,
E,R5D10S2,R5,D10,2,YM,,,1,3,39,
E,R5D10S2,R5,D10,2,YM,,,2,3,42,
E,R5D10S3,R5,D10,3,GN,,,1,5,356,
E,R5D10S3,R5,D10,3,GN,,,2,5,337,
E,R5D10S3,R5,D10,3,APC,,,1,6,142,
E,R5D10S3,R5,D10,3,APC,,,2,6,137,
E,R5D10S3,R5,D10,3,YM,,,1,4,29,
E,R5D10S3,R5,D10,3,YM,,,2,4,33,
E,F4D5S1,F4,D5,1,GN,,,1,6,294,
E,F4D5S1,F4,D5,1,GN,,,2,6,301,
E,F4D5S1,F4,D5,1,APC,,,1,7,222,
E,F4D5S1,F4,D5,1,APC,,,2,7,199,
E,F4D5S1,F4,D5,1,YM,,,1,4,174,
E,F4D5S1,F4,D5,1,YM,,,2,4,178,
E,F4D5S2,F4,D5,2,GN,,,1,6,278,
E,F4D5S2,F4,D5,2,GN,,,2,6,345,
E,F4D5S2,F4,D5,2,APC,,,1,7,259,
E,F4D5S2,F4,D5,2,APC,,,2,7,249,
E,F4D5S2,F4,D5,2,YM,,,1,4,142,
E,F4D5S2,F4,D5,2,YM,,,2,4,146,
E,F4D5S3,F4,D5,3,GN,,,1,6,237,
E,F4D5S3,F4,D5,3,GN,,,2,6,239,
E,F4D5S3,F4,D5,3,APC,,,1,7,192,
E,F4D5S3,F4,D5,3,APC,,,2,7,198,
E,F4D5S3,F4,D5,3,YM,,,1,4,556,
E,F4D5S3,F4,D5,3,YM,,,2,4,643,
E,F4D7S1,F4,D7,1,GN,,,1,7,111,
E,F4D7S1,F4,D7,1,GN,,,2,7,89,
E,F4D7S1,F4,D7,1,APC,,,1,8,51,
E,F4D7S1,F4,D7,1,APC,,,2,8,41,
E,F4D7S1,F4,D7,1,YM,,,1,5,28,
E,F4D7S1,F4,D7,1,YM,,,2,5,25,
E,F4D7S2,F4,D7,2,GN,,,1,7,137,
E,F4D7S2,F4,D7,2,GN,,,2,7,124,
E,F4D7S2,F4,D7,2,APC,,,1,8,39,
E,F4D7S2,F4,D7,2,APC,,,2,8,37,
E,F4D7S2,F4,D7,2,YM,,,1,5,95,
E,F4D7S2,F4,D7,2,YM,,,2,5,100,
E,F4D7S3,F4,D7,3,GN,,,1,7,203,
E,F4D7S3,F4,D7,3,GN,,,2,7,194,
E,F4D7S3,F4,D7,3,APC,,,1,8,95,
E,F4D7S3,F4,D7,3,APC,,,2,8,77,
E,F4D7S3,F4,D7,3,YM,,,1,5,52,
E,F4D7S3,F4,D7,3,YM,,,2,5,68,
E,F4D10S1,F4,D10,1,GN,,,1,7,106,
E,F4D10S1,F4,D10,1,GN,,,2,7,128,
E,F4D10S1,F4,D10,1,APC,,,1,8,46,
E,F4D10S1,F4,D10,1,APC,,,2,8,33,
E,F4D10S1,F4,D10,1,YM,,,1,5,107,
E,F4D10S1,F4,D10,1,YM,,,2,5,91,
E,F4D10S2,F4,D10,2,GN,,,1,7,34,
E,F4D10S2,F4,D10,2,GN,,,2,7,33,
E,F4D10S2,F4,D10,2,APC,,,1,7,160,
E,F4D10S2,F4,D10,2,APC,,,2,7,179,
E,F4D10S2,F4,D10,2,YM,,,1,5,21,
E,F4D10S2,F4,D10,2,YM,,,2,5,16,
E,F4D10S3,F4,D10,3,GN,,,1,8,396,
E,F4D10S3,F4,D10,3,GN,,,2,8,368,
E,F4D10S3,F4,D10,3,APC,,,1,8,1048,
E,F4D10S3,F4,D10,3,APC,,,2,8,1250,
E,F4D10S3,F4,D10,3,YM,,,1,5,63,
E,F4D10S3,F4,D10,3,YM,,,2,5,58,
E,R6D7S1,R6,D7,1,GN,,,1,7,50,
E,R6D7S1,R6,D7,1,GN,,,2,7,51,
E,R6D7S1,R6,D7,1,APC,,,1,7,123,
E,R6D7S1,R6,D7,1,APC,,,2,7,135,
E,R6D7S1,R6,D7,1,YM,,,1,5,48,
E,R6D7S1,R6,D7,1,YM,,,2,5,42,
E,R6D7S2,R6,D7,2,GN,,,1,7,26,
E,R6D7S2,R6,D7,2,GN,,,2,7,30,
E,R6D7S2,R6,D7,2,APC,,,1,7,113,
E,R6D7S2,R6,D7,2,APC,,,2,7,137,
E,R6D7S2,R6,D7,2,YM,,,1,5,33,
E,R6D7S2,R6,D7,2,YM,,,2,5,20,
E,R6D7S3,R6,D7,3,GN,,,1,7,33,
E,R6D7S3,R6,D7,3,GN,,,2,7,41,
E,R6D7S3,R6,D7,3,APC,,,1,7,106,
E,R6D7S3,R6,D7,3,APC,,,2,7,87,
E,R6D7S3,R6,D7,3,YM,,,1,5,33,
E,R6D7S3,R6,D7,3,YM,,,2,5,51,
E,R6D10S1,R6,D10,1,GN,,,1,7,84,
E,R6D10S1,R6,D10,1,GN,,,2,7,128,
E,R6D10S1,R6,D10,1,APC,,,1,7,224,
E,R6D10S1,R6,D10,1,APC,,,2,7,252,
E,R6D10S1,R6,D10,1,YM,,,1,5,50,
E,R6D10S1,R6,D10,1,YM,,,2,5,46,
E,R6D10S2,R6,D10,2,GN,,,1,7,47,
E,R6D10S2,R6,D10,2,GN,,,2,7,55,
E,R6D10S2,R6,D10,2,APC,,,1,7,86,
E,R6D10S2,R6,D10,2,APC,,,2,7,59,
E,R6D10S2,R6,D10,2,YM,,,1,5,77,
E,R6D10S2,R6,D10,2,YM,,,2,5,73,
E,R6D10S3,R6,D10,3,GN,,,1,7,116,
E,R6D10S3,R6,D10,3,GN,,,2,7,106,
E,R6D10S3,R6,D10,3,APC,,,1,8,27,
E,R6D10S3,R6,D10,3,APC,,,2,8,40,
E,R6D10S3,R6,D10,3,YM,,,1,6,15,
E,R6D10S3,R6,D10,3,YM,,,2,6,24,
E,R7D3S1,R7,D3,1,GN,,,1,6,74,
E,R7D3S1,R7,D3,1,GN,,,2,6,85,
E,R7D3S1,R7,D3,1,APC,,,1,7,22,
E,R7D3S1,R7,D3,1,APC,,,2,7,27,
E,R7D3S1,R7,D3,1,YM,,,1,5,21,
E,R7D3S1,R7,D3,1,YM,,,2,5,23,
E,R7D3S2,R7,D3,2,GN,,,1,6,126,
E,R7D3S2,R7,D3,2,GN,,,2,6,146,
E,R7D3S2,R7,D3,2,APC,,,1,7,38,
E,R7D3S2,R7,D3,2,APC,,,2,7,41,
E,R7D3S2,R7,D3,2,YM,,,1,5,38,
E,R7D3S2,R7,D3,2,YM,,,2,5,39,
E,R7D3S3,R7,D3,3,GN,,,1,7,61,
E,R7D3S3,R7,D3,3,GN,,,2,7,63,
E,R7D3S3,R7,D3,3,APC,,,1,7,121,
E,R7D3S3,R7,D3,3,APC,,,2,7,125,
E,R7D3S3,R7,D3,3,YM,,,1,5,126,
E,R7D3S3,R7,D3,3,YM,,,2,5,137,
L,F1H-1,F1,H,1,APC,2021.5.6,2021.5.8,1,4,62,
L,F1H-1,F1,H,1,APC,2021.5.6,2021.5.8,2,4,78,
L,F1H-2,F1,H,2,APC,2021.5.6,2021.5.8,1,4,286,
L,F1H-2,F1,H,2,APC,2021.5.6,2021.5.8,2,4,273,
L,F1H-3,F1,H,3,APC,2021.5.6,2021.5.8,1,4,203,
L,F1H-3,F1,H,3,APC,2021.5.6,2021.5.8,2,4,202,
L,F1H-1,F1,H,1,GN,2021.5.6,2021.5.8,1,3,114,
L,F1H-1,F1,H,1,GN,2021.5.6,2021.5.8,2,3,133,
L,F1H-2,F1,H,2,GN,2021.5.6,2021.5.8,1,2,112,
L,F1H-2,F1,H,2,GN,2021.5.6,2021.5.8,2,2,127,
L,F1H-3,F1,H,3,GN,2021.5.6,2021.5.8,1,3,155,
L,F1H-3,F1,H,3,GN,2021.5.6,2021.5.8,2,3,149,
L,F1H-1,F1,H,1,YM,2021.5.6,2021.5.11,1,2,112,
L,F1H-1,F1,H,1,YM,2021.5.6,2021.5.11,2,2,111,
L,F1H-2,F1,H,2,YM,2021.5.6,2021.5.11,1,3,76,
L,F1H-2,F1,H,2,YM,2021.5.6,2021.5.11,2,3,57,
L,F1H-3,F1,H,3,YM,2021.5.6,2021.5.11,1,3,69,
L,F1H-3,F1,H,3,YM,2021.5.6,2021.5.11,2,3,59,
L,F1T-1,F1,T,1,APC,2021.5.6,2021.5.8,1,3,269,
L,F1T-1,F1,T,1,APC,2021.5.6,2021.5.8,2,3,240,
L,F1T-2,F1,T,2,APC,2021.5.6,2021.5.8,1,3,65,
L,F1T-2,F1,T,2,APC,2021.5.6,2021.5.8,2,3,51,
L,F1T-3,F1,T,3,APC,2021.5.6,2021.5.8,1,3,51,
L,F1T-3,F1,T,3,APC,2021.5.6,2021.5.8,2,3,57,
L,F1T-1,F1,T,1,GN,2021.5.6,2021.5.8,1,3,68,
L,F1T-1,F1,T,1,GN,2021.5.6,2021.5.8,2,3,50,
L,F1T-2,F1,T,2,GN,2021.5.6,2021.5.8,1,2,36,
L,F1T-2,F1,T,2,GN,2021.5.6,2021.5.8,2,2,41,
L,F1T-3,F1,T,3,GN,2021.5.6,2021.5.8,1,2,99,
L,F1T-3,F1,T,3,GN,2021.5.6,2021.5.8,2,2,100,
L,F1T-1,F1,T,1,YM,2021.5.6,2021.5.11,1,3,59,
L,F1T-1,F1,T,1,YM,2021.5.6,2021.5.11,2,3,57,
L,F1T-2,F1,T,2,YM,2021.5.6,2021.5.11,1,2,120,
L,F1T-2,F1,T,2,YM,2021.5.6,2021.5.11,2,2,110,
L,F1T-3,F1,T,3,YM,2021.5.6,2021.5.11,1,2,211,
L,F1T-3,F1,T,3,YM,2021.5.6,2021.5.11,2,2,227,
L,F1P-1,F1,P,1,APC,2021.5.7,2021.5.9,1,4,37,
L,F1P-1,F1,P,1,APC,2021.5.7,2021.5.9,2,4,38,
L,F1P-2,F1,P,2,APC,2021.5.7,2021.5.9,1,4,61,
L,F1P-2,F1,P,2,APC,2021.5.7,2021.5.9,2,4,55,
L,F1P-3,F1,P,3,APC,2021.5.7,2021.5.9,1,4,141,
L,F1P-3,F1,P,3,APC,2021.5.7,2021.5.9,2,4,163,
L,F1P-1,F1,P,1,GN,2021.5.7,2021.5.9,1,3,120,
L,F1P-1,F1,P,1,GN,2021.5.7,2021.5.9,2,3,91,
L,F1P-2,F1,P,2,GN,2021.5.7,2021.5.9,1,3,101,
L,F1P-2,F1,P,2,GN,2021.5.7,2021.5.9,2,3,107,
L,F1P-3,F1,P,3,GN,2021.5.7,2021.5.9,1,3,52,
L,F1P-3,F1,P,3,GN,2021.5.7,2021.5.9,2,3,55,
L,F1P-1,F1,P,1,YM,2021.5.7,2021.5.12,1,3,60,
L,F1P-1,F1,P,1,YM,2021.5.7,2021.5.12,2,3,68,
L,F1P-2,F1,P,2,YM,2021.5.7,2021.5.12,1,3,114,
L,F1P-2,F1,P,2,YM,2021.5.7,2021.5.12,2,3,85,
L,F1P-3,F1,P,3,YM,2021.5.7,2021.5.12,1,3,39,
L,F1P-3,F1,P,3,YM,2021.5.7,2021.5.12,2,3,32,
L,F1SL3-1,F1,SL3,1,APC,2021.5.10,2021.5.12,1,4,275,
L,F1SL3-1,F1,SL3,1,APC,2021.5.10,2021.5.12,2,4,280,
L,F1SL3-2,F1,SL3,2,APC,2021.5.10,2021.5.12,1,4,251,
L,F1SL3-2,F1,SL3,2,APC,2021.5.10,2021.5.12,2,4,226,
L,F1SL3-3,F1,SL3,3,APC,2021.5.10,2021.5.12,1,4,34,
L,F1SL3-3,F1,SL3,3,APC,2021.5.10,2021.5.12,2,4,36,
L,F1SL3-1,F1,SL3,1,GN,2021.5.10,2021.5.12,1,4,54,
L,F1SL3-1,F1,SL3,1,GN,2021.5.10,2021.5.12,2,4,51,
L,F1SL3-2,F1,SL3,2,GN,2021.5.10,2021.5.12,1,4,48,
L,F1SL3-2,F1,SL3,2,GN,2021.5.10,2021.5.12,2,4,58,
L,F1SL3-3,F1,SL3,3,GN,2021.5.10,2021.5.12,1,3,38,
L,F1SL3-3,F1,SL3,3,GN,2021.5.10,2021.5.12,2,3,37,
L,F1SL3-1,F1,SL3,1,YM,2021.5.10,2021.5.15,1,3,62,
L,F1SL3-1,F1,SL3,1,YM,2021.5.10,2021.5.15,2,3,71,
L,F1SL3-2,F1,SL3,2,YM,2021.5.10,2021.5.15,1,3,82,
L,F1SL3-2,F1,SL3,2,YM,2021.5.10,2021.5.15,2,3,91,
L,F1SL3-3,F1,SL3,3,YM,2021.5.10,2021.5.15,1,3,44,
L,F1SL3-3,F1,SL3,3,YM,2021.5.10,2021.5.15,2,3,35,
L,F1SL5-1,F1,SL5,1,APC,2021.5.12,2021.5.14,1,4,91,
L,F1SL5-1,F1,SL5,1,APC,2021.5.12,2021.5.14,2,4,111,
L,F1SL5-2,F1,SL5,2,APC,2021.5.12,2021.5.14,1,4,47,
L,F1SL5-2,F1,SL5,2,APC,2021.5.12,2021.5.14,2,4,56,
L,F1SL5-3,F1,SL5,3,APC,2021.5.12,2021.5.14,1,4,79,
L,F1SL5-3,F1,SL5,3,APC,2021.5.12,2021.5.14,2,4,96,
L,F1SL5-1,F1,SL5,1,GN,2021.5.12,2021.5.14,1,3,34,
L,F1SL5-1,F1,SL5,1,GN,2021.5.12,2021.5.14,2,3,37,
L,F1SL5-2,F1,SL5,2,GN,2021.5.12,2021.5.14,1,3,89,
L,F1SL5-2,F1,SL5,2,GN,2021.5.12,2021.5.14,2,3,102,
L,F1SL5-3,F1,SL5,3,GN,2021.5.12,2021.5.14,1,3,120,
L,F1SL5-3,F1,SL5,3,GN,2021.5.12,2021.5.14,2,3,116,
L,F1SL5-1,F1,SL5,1,YM,2021.5.12,2021.5.17,1,3,45,
L,F1SL5-1,F1,SL5,1,YM,2021.5.12,2021.5.17,2,3,47,
L,F1SL5-2,F1,SL5,2,YM,2021.5.12,2021.5.17,1,3,50,
L,F1SL5-2,F1,SL5,2,YM,2021.5.12,2021.5.17,2,3,42,
L,F1SL5-3,F1,SL5,3,YM,2021.5.12,2021.5.17,1,3,68,
L,F1SL5-3,F1,SL5,3,YM,2021.5.12,2021.5.17,2,3,71,
L,F1SL7-1,F1,SL7,1,APC,2021.5.14,2021.5.16,1,3,214,
L,F1SL7-1,F1,SL7,1,APC,2021.5.14,2021.5.16,2,3,233,
L,F1SL7-2,F1,SL7,2,APC,2021.5.14,2021.5.16,1,5,33,
L,F1SL7-2,F1,SL7,2,APC,2021.5.14,2021.5.16,2,5,36,
L,F1SL7-3,F1,SL7,3,APC,2021.5.14,2021.5.16,1,4,36,
L,F1SL7-3,F1,SL7,3,APC,2021.5.14,2021.5.16,2,4,38,
L,F1SL7-1,F1,SL7,1,GN,2021.5.14,2021.5.16,1,2,159,
L,F1SL7-1,F1,SL7,1,GN,2021.5.14,2021.5.16,2,2,169,
L,F1SL7-2,F1,SL7,2,GN,2021.5.14,2021.5.16,1,4,103,
L,F1SL7-2,F1,SL7,2,GN,2021.5.14,2021.5.16,2,4,111,
L,F1SL7-3,F1,SL7,3,GN,2021.5.14,2021.5.16,1,2,159,
L,F1SL7-3,F1,SL7,3,GN,2021.5.14,2021.5.16,2,2,174,
L,F1SL7-1,F1,SL7,1,YM,2021.5.14,2021.5.19,1,3,41,
L,F1SL7-1,F1,SL7,1,YM,2021.5.14,2021.5.19,2,3,35,
L,F1SL7-2,F1,SL7,2,YM,2021.5.14,2021.5.19,1,3,68,
L,F1SL7-2,F1,SL7,2,YM,2021.5.14,2021.5.19,2,3,77,
L,F1SL7-3,F1,SL7,3,YM,2021.5.14,2021.5.19,1,3,35,
L,F1SL7-3,F1,SL7,3,YM,2021.5.14,2021.5.19,2,3,40,
L,F1SL10-1,F1,SL10,1,APC,2021.5.17,2021.5.19,1,5,36,
L,F1SL10-1,F1,SL10,1,APC,2021.5.17,2021.5.19,2,5,38,
L,F1SL10-2,F1,SL10,2,APC,2021.5.17,2021.5.19,1,4,68,
L,F1SL10-2,F1,SL10,2,APC,2021.5.17,2021.5.19,2,4,69,
L,F1SL10-3,F1,SL10,3,APC,2021.5.17,2021.5.19,1,4,34,
L,F1SL10-3,F1,SL10,3,APC,2021.5.17,2021.5.19,2,4,35,
L,F1SL10-1,F1,SL10,1,GN,2021.5.17,2021.5.19,1,4,172,
L,F1SL10-1,F1,SL10,1,GN,2021.5.17,2021.5.19,2,4,187,
L,F1SL10-2,F1,SL10,2,GN,2021.5.17,2021.5.19,1,4,28,
L,F1SL10-2,F1,SL10,2,GN,2021.5.17,2021.5.19,2,4,29,
L,F1SL10-3,F1,SL10,3,GN,2021.5.17,2021.5.19,1,2,163,
L,F1SL10-3,F1,SL10,3,GN,2021.5.17,2021.5.19,2,2,191,
L,F1SL10-1,F1,SL10,1,YM,2021.5.17,2021.5.22,1,3,135,
L,F1SL10-1,F1,SL10,1,YM,2021.5.17,2021.5.22,2,3,126,
L,F1SL10-2,F1,SL10,2,YM,2021.5.17,2021.5.22,1,3,74,
L,F1SL10-2,F1,SL10,2,YM,2021.5.17,2021.5.22,2,3,79,
L,F1SL10-3,F1,SL10,3,YM,2021.5.17,2021.5.22,1,3,104,
L,F1SL10-3,F1,SL10,3,YM,2021.5.17,2021.5.22,2,3,86,
L,F2H-1,F2,H,1,APC,2021.5.19,2021.5.21,1,3,80,
L,F2H-1,F2,H,1,APC,2021.5.19,2021.5.21,2,3,107,
L,F2H-2,F2,H,2,APC,2021.5.19,2021.5.21,1,3,247,
L,F2H-2,F2,H,2,APC,2021.5.19,2021.5.21,2,3,312,
L,F2H-3,F2,H,3,APC,2021.5.19,2021.5.21,1,5,46,
L,F2H-3,F2,H,3,APC,2021.5.19,2021.5.21,2,5,48,
L,F2H-1,F2,H,1,GN,2021.5.19,2021.5.21,1,2,72,
L,F2H-1,F2,H,1,GN,2021.5.19,2021.5.21,2,2,87,
L,F2H-2,F2,H,2,GN,2021.5.19,2021.5.21,1,3,61,
L,F2H-2,F2,H,2,GN,2021.5.19,2021.5.21,2,3,84,
L,F2H-3,F2,H,3,GN,2021.5.19,2021.5.21,1,3,112,
L,F2H-3,F2,H,3,GN,2021.5.19,2021.5.21,2,3,159,
L,F2H-1,F2,H,1,YM,2021.5.19,2021.5.24,1,3,46,
L,F2H-1,F2,H,1,YM,2021.5.19,2021.5.24,2,3,45,
L,F2H-2,F2,H,2,YM,2021.5.19,2021.5.24,1,3,94,
L,F2H-2,F2,H,2,YM,2021.5.19,2021.5.24,2,3,123,
L,F2H-3,F2,H,3,YM,2021.5.19,2021.5.24,1,3,156,
L,F2H-3,F2,H,3,YM,2021.5.19,2021.5.24,2,3,156,
L,F2T-1,F2,T,1,APC,2021.5.19,2021.5.21,1,5,73,
L,F2T-1,F2,T,1,APC,2021.5.19,2021.5.21,2,5,62,
L,F2T-2,F2,T,2,APC,2021.5.19,2021.5.21,1,4,91,
L,F2T-2,F2,T,2,APC,2021.5.19,2021.5.21,2,4,102,
L,F2T-3,F2,T,3,APC,2021.5.19,2021.5.21,1,4,123,
L,F2T-3,F2,T,3,APC,2021.5.19,2021.5.21,2,4,132,
L,F2T-1,F2,T,1,GN,2021.5.19,2021.5.21,1,4,91,
L,F2T-1,F2,T,1,GN,2021.5.19,2021.5.21,2,4,93,
L,F2T-2,F2,T,2,GN,2021.5.19,2021.5.21,1,3,175,
L,F2T-2,F2,T,2,GN,2021.5.19,2021.5.21,2,3,179,
L,F2T-3,F2,T,3,GN,2021.5.19,2021.5.21,1,3,185,
L,F2T-3,F2,T,3,GN,2021.5.19,2021.5.21,2,3,184,
L,F2T-1,F2,T,1,YM,2021.5.19,2021.5.24,1,4,44,
L,F2T-1,F2,T,1,YM,2021.5.19,2021.5.24,2,4,52,
L,F2T-2,F2,T,2,YM,2021.5.19,2021.5.24,1,3,94,
L,F2T-2,F2,T,2,YM,2021.5.19,2021.5.24,2,3,97,
L,F2T-3,F2,T,3,YM,2021.5.19,2021.5.24,1,3,232,
L,F2T-3,F2,T,3,YM,2021.5.19,2021.5.24,2,3,256,
L,F2P-1,F2,P,1,APC,2021.5.20,2021.5.22,1,4,38,
L,F2P-1,F2,P,1,APC,2021.5.20,2021.5.22,2,4,41,
L,F2P-2,F2,P,2,APC,2021.5.20,2021.5.22,1,4,101,
L,F2P-2,F2,P,2,APC,2021.5.20,2021.5.22,2,4,144,
L,F2P-3,F2,P,3,APC,2021.5.20,2021.5.22,1,4,242,
L,F2P-3,F2,P,3,APC,2021.5.20,2021.5.22,2,4,253,
L,F2P-1,F2,P,1,GN,2021.5.20,2021.5.22,1,2,224,
L,F2P-1,F2,P,1,GN,2021.5.20,2021.5.22,2,2,211,
L,F2P-2,F2,P,2,GN,2021.5.20,2021.5.22,1,3,192,
L,F2P-2,F2,P,2,GN,2021.5.20,2021.5.22,2,3,224,
L,F2P-3,F2,P,3,GN,2021.5.20,2021.5.22,1,4,35,
L,F2P-3,F2,P,3,GN,2021.5.20,2021.5.22,2,4,36,
L,F2P-1,F2,P,1,YM,2021.5.20,2021.5.25,1,3,149,
L,F2P-1,F2,P,1,YM,2021.5.20,2021.5.25,2,3,110,
L,F2P-2,F2,P,2,YM,2021.5.20,2021.5.25,1,4,41,
L,F2P-2,F2,P,2,YM,2021.5.20,2021.5.25,2,4,41,
L,F2P-3,F2,P,3,YM,2021.5.20,2021.5.25,1,4,42,
L,F2P-3,F2,P,3,YM,2021.5.20,2021.5.25,2,4,50,
L,F2SL3-1,F2,D3,1,APC,2021.5.23,2021.5.25,1,5,108,
L,F2SL3-1,F2,D3,1,APC,2021.5.23,2021.5.25,2,5,78,
L,F2SL3-2,F2,D3,2,APC,2021.5.23,2021.5.25,1,5,117,
L,F2SL3-2,F2,D3,2,APC,2021.5.23,2021.5.25,2,5,116,
L,F2SL3-3,F2,D3,3,APC,2021.5.23,2021.5.25,1,4,91,
L,F2SL3-3,F2,D3,3,APC,2021.5.23,2021.5.25,2,4,77,
L,F2SL3-1,F2,D3,1,GN,2021.5.23,2021.5.25,1,4,231,
L,F2SL3-1,F2,D3,1,GN,2021.5.23,2021.5.25,2,4,146,
L,F2SL3-2,F2,D3,2,GN,2021.5.23,2021.5.25,1,4,60,
L,F2SL3-2,F2,D3,2,GN,2021.5.23,2021.5.25,2,4,67,
L,F2SL3-3,F2,D3,3,GN,2021.5.23,2021.5.25,1,4,32,
L,F2SL3-3,F2,D3,3,GN,2021.5.23,2021.5.25,2,4,20,
L,F2SL3-1,F2,D3,1,YM,2021.5.23,2021.5.28,1,4,60,
L,F2SL3-1,F2,D3,1,YM,2021.5.23,2021.5.28,2,4,60,
L,F2SL3-2,F2,D3,2,YM,2021.5.23,2021.5.28,1,4,79,
L,F2SL3-2,F2,D3,2,YM,2021.5.23,2021.5.28,2,4,85,
L,F2SL3-3,F2,D3,3,YM,2021.5.23,2021.5.28,1,3,87,
L,F2SL3-3,F2,D3,3,YM,2021.5.23,2021.5.28,2,3,84,
L,F2SL5-1,F2,D5,1,APC,2021.5.25,2021.5.27,1,5,32,
L,F2SL5-1,F2,D5,1,APC,2021.5.25,2021.5.27,2,5,32,
L,F2SL5-2,F2,D5,2,APC,2021.5.25,2021.5.27,1,4,168,
L,F2SL5-2,F2,D5,2,APC,2021.5.25,2021.5.27,2,4,165,
L,F2SL5-3,F2,D5,3,APC,2021.5.25,2021.5.27,1,5,37,
L,F2SL5-3,F2,D5,3,APC,2021.5.25,2021.5.27,2,5,42,
L,F2SL5-1,F2,D5,1,GN,2021.5.25,2021.5.27,1,4,31,
L,F2SL5-1,F2,D5,1,GN,2021.5.25,2021.5.27,2,4,28,
L,F2SL5-2,F2,D5,2,GN,2021.5.25,2021.5.27,1,3,160,
L,F2SL5-2,F2,D5,2,GN,2021.5.25,2021.5.27,2,3,161,
L,F2SL5-3,F2,D5,3,GN,2021.5.25,2021.5.27,1,4,76,
L,F2SL5-3,F2,D5,3,GN,2021.5.25,2021.5.27,2,4,69,
L,F2SL5-1,F2,D5,1,YM,2021.5.25,2021.5.30,1,4,31,
L,F2SL5-1,F2,D5,1,YM,2021.5.25,2021.5.30,2,4,32,
L,F2SL5-2,F2,D5,2,YM,2021.5.25,2021.5.30,1,4,42,
L,F2SL5-2,F2,D5,2,YM,2021.5.25,2021.5.30,2,4,60,
L,F2SL5-3,F2,D5,3,YM,2021.5.25,2021.5.30,1,4,44,
L,F2SL5-3,F2,D5,3,YM,2021.5.25,2021.5.30,2,4,49,
L,F2SL7-1,F2,D7,1,APC,2021.5.27,2021.5.29,1,5,46,
L,F2SL7-1,F2,D7,1,APC,2021.5.27,2021.5.29,2,5,49,
L,F2SL7-2,F2,D7,2,APC,2021.5.27,2021.5.29,1,5,35,
L,F2SL7-2,F2,D7,2,APC,2021.5.27,2021.5.29,2,5,34,
L,F2SL7-3,F2,D7,3,APC,2021.5.27,2021.5.29,1,5,27,
L,F2SL7-3,F2,D7,3,APC,2021.5.27,2021.5.29,2,5,31,
L,F2SL7-1,F2,D7,1,GN,2021.5.27,2021.5.29,1,4,42,
L,F2SL7-1,F2,D7,1,GN,2021.5.27,2021.5.29,2,4,49,
L,F2SL7-2,F2,D7,2,GN,2021.5.27,2021.5.29,1,4,44,
L,F2SL7-2,F2,D7,2,GN,2021.5.27,2021.5.29,2,4,28,
L,F2SL7-3,F2,D7,3,GN,2021.5.27,2021.5.29,1,4,72,
L,F2SL7-3,F2,D7,3,GN,2021.5.27,2021.5.29,2,4,90,
L,F2SL7-1,F2,D7,1,YM,2021.5.27,2021.6.1,1,4,78,
L,F2SL7-1,F2,D7,1,YM,2021.5.27,2021.6.1,2,4,61,
L,F2SL7-2,F2,D7,2,YM,2021.5.27,2021.6.1,1,4,49,
L,F2SL7-2,F2,D7,2,YM,2021.5.27,2021.6.1,2,4,59,
L,F2SL7-3,F2,D7,3,YM,2021.5.27,2021.6.1,1,4,72,
L,F2SL7-3,F2,D7,3,YM,2021.5.27,2021.6.1,2,4,48,
L,F2SL10-1,F2,D10,1,APC,2021.5.30,2021.6.1,1,4,168,
L,F2SL10-1,F2,D10,1,APC,2021.5.30,2021.6.1,2,4,136,
L,F2SL10-2,F2,D10,2,APC,2021.5.30,2021.6.1,1,5,61,
L,F2SL10-2,F2,D10,2,APC,2021.5.30,2021.6.1,2,5,68,
L,F2SL10-3,F2,D10,3,APC,2021.5.30,2021.6.1,1,5,123,
L,F2SL10-3,F2,D10,3,APC,2021.5.30,2021.6.1,2,5,129,
L,F2SL10-1,F2,D10,1,GN,2021.5.30,2021.6.1,1,4,28,
L,F2SL10-1,F2,D10,1,GN,2021.5.30,2021.6.1,2,4,25,
L,F2SL10-2,F2,D10,2,GN,2021.5.30,2021.6.1,1,4,158,
L,F2SL10-2,F2,D10,2,GN,2021.5.30,2021.6.1,2,4,150,
L,F2SL10-3,F2,D10,3,GN,2021.5.30,2021.6.1,1,4,130,
L,F2SL10-3,F2,D10,3,GN,2021.5.30,2021.6.1,2,4,120,
L,F2SL10-1,F2,D10,1,YM,2021.5.30,2021.6.4,1,4,48,
L,F2SL10-1,F2,D10,1,YM,2021.5.30,2021.6.4,2,4,40,
L,F2SL10-2,F2,D10,2,YM,2021.5.30,2021.6.4,1,4,79,
L,F2SL10-2,F2,D10,2,YM,2021.5.30,2021.6.4,2,4,66,
L,F2SL10-3,F2,D10,3,YM,2021.5.30,2021.6.4,1,4,38,
L,F2SL10-3,F2,D10,3,YM,2021.5.30,2021.6.4,2,4,46,
L,F3H-1,F3,H,1,APC,2021.5.28,2021.5.30,1,4,101,
L,F3H-1,F3,H,1,APC,2021.5.28,2021.5.30,2,4,130,
L,F3H-2,F3,H,2,APC,2021.5.28,2021.5.30,1,4,161,
L,F3H-2,F3,H,2,APC,2021.5.28,2021.5.30,2,4,144,
L,F3H-3,F3,H,3,APC,2021.5.28,2021.5.30,1,4,102,
L,F3H-3,F3,H,3,APC,2021.5.28,2021.5.30,2,4,92,
L,F3H-1,F3,H,1,GN,2021.5.28,2021.5.30,1,3,70,
L,F3H-1,F3,H,1,GN,2021.5.28,2021.5.30,2,3,45,
L,F3H-2,F3,H,2,GN,2021.5.28,2021.5.30,1,4,43,
L,F3H-2,F3,H,2,GN,2021.5.28,2021.5.30,2,4,48,
L,F3H-3,F3,H,3,GN,2021.5.28,2021.5.30,1,3,117,
L,F3H-3,F3,H,3,GN,2021.5.28,2021.5.30,2,3,110,
L,F3H-1,F3,H,1,YM,2021.5.28,2021.6.2,1,3,64,
L,F3H-1,F3,H,1,YM,2021.5.28,2021.6.2,2,3,48,
L,F3H-2,F3,H,2,YM,2021.5.28,2021.6.2,1,3,58,
L,F3H-2,F3,H,2,YM,2021.5.28,2021.6.2,2,3,66,
L,F3H-3,F3,H,3,YM,2021.5.28,2021.6.2,1,3,52,
L,F3H-3,F3,H,3,YM,2021.5.28,2021.6.2,2,3,64,
L,F3T-1,F3,T,1,APC,2021.5.28,2021.5.30,1,4,150,
L,F3T-1,F3,T,1,APC,2021.5.28,2021.5.30,2,4,163,
L,F3T-2,F3,T,2,APC,2021.5.28,2021.5.30,1,4,60,
L,F3T-2,F3,T,2,APC,2021.5.28,2021.5.30,2,4,52,
L,F3T-3,F3,T,3,APC,2021.5.28,2021.5.30,1,5,473,
L,F3T-3,F3,T,3,APC,2021.5.28,2021.5.30,2,5,404,
L,F3T-1,F3,T,1,GN,2021.5.28,2021.5.30,1,3,64,
L,F3T-1,F3,T,1,GN,2021.5.28,2021.5.30,2,3,75,
L,F3T-2,F3,T,2,GN,2021.5.28,2021.5.30,1,3,41,
L,F3T-2,F3,T,2,GN,2021.5.28,2021.5.30,2,3,39,
L,F3T-3,F3,T,3,GN,2021.5.28,2021.5.30,1,5,41,
L,F3T-3,F3,T,3,GN,2021.5.28,2021.5.30,2,5,47,
L,F3T-1,F3,T,1,YM,2021.5.28,2021.6.2,1,4,30,
L,F3T-1,F3,T,1,YM,2021.5.28,2021.6.2,2,4,17,
L,F3T-2,F3,T,2,YM,2021.5.28,2021.6.2,1,3,56,
L,F3T-2,F3,T,2,YM,2021.5.28,2021.6.2,2,3,63,
L,F3T-3,F3,T,3,YM,2021.5.28,2021.6.2,1,3,91,
L,F3T-3,F3,T,3,YM,2021.5.28,2021.6.2,2,3,98,
L,F3P-1,F3,P,1,APC,2021.5.29,2021.5.31,1,5,85,
L,F3P-1,F3,P,1,APC,2021.5.29,2021.5.31,2,5,79,
L,F3P-2,F3,P,2,APC,2021.5.29,2021.5.31,1,4,39,
L,P3P-2,F3,P,2,APC,2021.5.29,2021.5.31,2,4,38,
L,F3P-3,F3,P,3,APC,2021.5.29,2021.5.31,1,4,38,
L,F3P-3,F3,P,3,APC,2021.5.29,2021.5.31,2,4,52,
L,F3P-1,F3,P,1,GN,2021.5.29,2021.5.31,1,4,44,
L,F3P-1,F3,P,1,GN,2021.5.29,2021.5.31,2,4,47,
L,F3P-2,F3,P,2,GN,2021.5.29,2021.5.31,1,3,41,
L,F3P-2,F3,P,2,GN,2021.5.29,2021.5.31,2,3,33,
L,F3P-3,F3,P,3,GN,2021.5.29,2021.5.31,1,3,25,
L,F3P-3,F3,P,3,GN,2021.5.29,2021.5.31,2,3,20,
L,F3P-1,F3,P,1,YM,2021.5.29,2021.6.3,1,4,26,
L,F3P-1,F3,P,1,YM,2021.5.29,2021.6.3,2,4,18,
L,F3P-2,F3,P,2,YM,2021.5.29,2021.6.3,1,4,6,
L,F3P-2,F3,P,2,YM,2021.5.29,2021.6.3,2,4,5,
L,F3P-3,F3,P,3,YM,2021.5.29,2021.6.3,1,4,16,
L,F3P-3,F3,P,3,YM,2021.5.29,2021.6.3,2,4,17,
L,F3SL3-1,F3,D3,1,APC,2021.6.1,2021.6.3,1,5,135,
L,F3SL3-1,F3,D3,1,APC,2021.6.1,2021.6.3,2,5,127,
L,F3SL3-2,F3,D3,2,APC,2021.6.1,2021.6.3,1,4,54,
L,F3SL3-2,F3,D3,2,APC,2021.6.1,2021.6.3,2,4,57,
L,F3SL3-3,F3,D3,3,APC,2021.6.1,2021.6.3,1,4,71,
L,F3SL3-3,F3,D3,3,APC,2021.6.1,2021.6.3,2,4,57,
L,F3SL3-1,F3,D3,1,GN,2021.6.1,2021.6.3,1,5,35,
L,F3SL3-1,F3,D3,1,GN,2021.6.1,2021.6.3,2,5,26,
L,F3SL3-2,F3,D3,2,GN,2021.6.1,2021.6.3,1,3,60,
L,F3SL3-2,F3,D3,2,GN,2021.6.1,2021.6.3,2,3,48,
L,F3SL3-3,F3,D3,3,GN,2021.6.1,2021.6.3,1,3,29,
L,F3SL3-3,F3,D3,3,GN,2021.6.1,2021.6.3,2,3,26,
L,F3SL3-1,F3,D3,1,YM,2021.6.1,2021.6.6,1,3,94,
L,F3SL3-1,F3,D3,1,YM,2021.6.1,2021.6.6,2,3,125,
L,F3SL3-2,F3,D3,2,YM,2021.6.1,2021.6.6,1,3,61,
L,F3SL3-2,F3,D3,2,YM,2021.6.1,2021.6.6,2,3,61,
L,F3SL3-3,F3,D3,3,YM,2021.6.1,2021.6.6,1,3,81,
L,F3SL3-3,F3,D3,3,YM,2021.6.1,2021.6.6,2,3,70,
L,F3SL5-1,F3,D5,1,APC,2021.6.3,2021.6.5,1,4,138,
L,F3SL5-1,F3,D5,1,APC,2021.6.3,2021.6.5,2,4,161,
L,F3SL5-2,F3,D5,2,APC,2021.6.3,2021.6.5,1,4,271,
L,F3SL5-2,F3,D5,2,APC,2021.6.3,2021.6.5,2,4,248,
L,F3SL5-3,F3,D5,3,APC,2021.6.3,2021.6.5,1,4,49,
L,F3SL5-3,F3,D5,3,APC,2021.6.3,2021.6.5,2,4,56,
L,F3SL5-1,F3,D5,1,GN,2021.6.3,2021.6.5,1,3,139,
L,F3SL5-1,F3,D5,1,GN,2021.6.3,2021.6.5,2,3,138,
L,F3SL5-2,F3,D5,2,GN,2021.6.3,2021.6.5,1,4,37,
L,F3SL5-2,F3,D5,2,GN,2021.6.3,2021.6.5,2,4,54,
L,F3SL5-3,F3,D5,3,GN,2021.6.3,2021.6.5,1,3,52,
L,F3SL5-3,F3,D5,3,GN,2021.6.3,2021.6.5,2,3,52,
L,F3SL5-1,F3,D5,1,YM,2021.6.3,2021.6.8,1,3,80,
L,F3SL5-1,F3,D5,1,YM,2021.6.3,2021.6.8,2,3,88,
L,F3SL5-2,F3,D5,2,YM,2021.6.3,2021.6.8,1,3,56,
L,F3SL5-2,F3,D5,2,YM,2021.6.3,2021.6.8,2,3,47,
L,F3SL5-3,F3,D5,3,YM,2021.6.3,2021.6.8,1,3,45,
L,F3SL5-3,F3,D5,3,YM,2021.6.3,2021.6.8,2,3,68,
L,F3SL7-1,F3,D7,1,APC,2021.6.5,2021.6.7,1,5,252,
L,F3SL7-1,F3,D7,1,APC,2021.6.5,2021.6.7,2,5,221,
L,F3SL7-2,F3,D7,2,APC,2021.6.5,2021.6.7,1,5,47,
L,F3SL7-2,F3,D7,2,APC,2021.6.5,2021.6.7,2,5,41,
L,F3SL7-3,F3,D7,3,APC,2021.6.5,2021.6.7,1,4,123,
L,F3SL7-3,F3,D7,3,APC,2021.6.5,2021.6.7,2,4,152,
L,F3SL7-1,F3,D7,1,GN,2021.6.5,2021.6.7,1,5,54,
L,F3SL7-1,F3,D7,1,GN,2021.6.5,2021.6.7,2,5,62,
L,F3SL7-2,F3,D7,2,GN,2021.6.5,2021.6.7,1,4,114,
L,F3SL7-2,F3,D7,2,GN,2021.6.5,2021.6.7,2,4,110,
L,F3SL7-3,F3,D7,3,GN,2021.6.5,2021.6.7,1,3,157,
L,F3SL7-3,F3,D7,3,GN,2021.6.5,2021.6.7,2,3,159,
L,F3SL7-1,F3,D7,1,YM,2021.6.5,2021.6.10,1,4,30,
L,F3SL7-1,F3,D7,1,YM,2021.6.5,2021.6.10,2,4,20,
L,F3SL7-2,F3,D7,2,YM,2021.6.5,2021.6.10,1,3,70,
L,F3SL7-2,F3,D7,2,YM,2021.6.5,2021.6.10,2,3,80,
L,F3SL7-3,F3,D7,3,YM,2021.6.5,2021.6.10,1,3,77,
L,F3SL7-3,F3,D7,3,YM,2021.6.5,2021.6.10,2,3,79,
L,F3SL10-1,F3,D10,1,APC,2021.6.8,2021.6.10,1,5,93,
L,F3SL10-1,F3,D10,1,APC,2021.6.8,2021.6.10,2,5,80,
L,F3SL10-2,F3,D10,2,APC,2021.6.8,2021.6.10,1,5,98,
L,F3SL10-2,F3,D10,2,APC,2021.6.8,2021.6.10,2,5,127,
L,F3SL10-3,F3,D10,3,APC,2021.6.8,2021.6.10,1,5,105,
L,F3SL10-3,F3,D10,3,APC,2021.6.8,2021.6.10,2,5,93,
L,F3SL10-1,F3,D10,1,GN,2021.6.8,2021.6.10,1,4,105,
L,F3SL10-1,F3,D10,1,GN,2021.6.8,2021.6.10,2,4,84,
L,F3SL10-2,F3,D10,2,GN,2021.6.8,2021.6.10,1,5,20,
L,F3SL10-2,F3,D10,2,GN,2021.6.8,2021.6.10,2,5,23,
L,F3SL10-3,F3,D10,3,GN,2021.6.8,2021.6.10,1,4,82,
L,F3SL10-3,F3,D10,3,GN,2021.6.8,2021.6.10,2,4,78,
L,F3SL10-1,F3,D10,1,YM,2021.6.8,2021.6.13,1,3,82,
L,F3SL10-1,F3,D10,1,YM,2021.6.8,2021.6.13,2,3,73,
L,F3SL10-2,F3,D10,2,YM,2021.6.8,2021.6.13,1,3,99,
L,F3SL10-2,F3,D10,2,YM,2021.6.8,2021.6.13,2,3,96,
L,F3SL10-3,F3,D10,3,YM,2021.6.8,2021.6.13,1,3,64,
L,F3SL10-3,F3,D10,3,YM,2021.6.8,2021.6.13,2,3,72,
L,F4H-1,F4,H,1,APC,2021.6.15,2021.6.17,1,5,168,
L,F4H-1,F4,H,1,APC,2021.6.15,2021.6.17,2,5,161,
L,F4H-2,F4,H,2,APC,2021.6.15,2021.6.17,1,5,91,
L,F4H-2,F4,H,2,APC,2021.6.15,2021.6.17,2,5,84,
L,F4H-3,F4,H,3,APC,2021.6.15,2021.6.17,1,5,50,
L,F4H-3,F4,H,3,APC,2021.6.15,2021.6.17,2,5,60,
L,F4H-1,F4,H,1,GN,2021.6.15,2021.6.17,1,5,60,
L,F4H-1,F4,H,1,GN,2021.6.15,2021.6.17,2,5,62,
L,F4H-2,F4,H,2,GN,2021.6.15,2021.6.17,1,5,59,
L,F4H-2,F4,H,2,GN,2021.6.15,2021.6.17,2,5,64,
L,F4H-3,F4,H,3,GN,2021.6.15,2021.6.17,1,4,127,
L,F4H-3,F4,H,3,GN,2021.6.15,2021.6.17,2,4,132,
L,F4H-1,F4,H,1,YM,2021.6.15,2021.6.20,1,4,59,
L,F4H-1,F4,H,1,YM,2021.6.15,2021.6.20,2,4,56,
L,F4H-2,F4,H,2,YM,2021.6.15,2021.6.20,1,4,48,
L,F4H-2,F4,H,2,YM,2021.6.15,2021.6.20,2,4,57,
L,F4H-3,F4,H,3,YM,2021.6.15,2021.6.20,1,4,48,
L,F4H-3,F4,H,3,YM,2021.6.15,2021.6.20,2,4,68,
L,F4T-1,F4,T,1,APC,2021.6.15,2021.6.17,1,5,55,
L,F4T-1,F4,T,1,APC,2021.6.15,2021.6.17,2,5,57,
L,F4T-2,F4,T,2,APC,2021.6.15,2021.6.17,1,5,93,
L,F4T-2,F4,T,2,APC,2021.6.15,2021.6.17,2,5,94,
L,F4T-3,F4,T,3,APC,2021.6.15,2021.6.17,1,5,201,
L,F4T-3,F4,T,3,APC,2021.6.15,2021.6.17,2,5,224,
L,F4T-1,F4,T,1,GN,2021.6.15,2021.6.17,1,4,119,
L,F4T-1,F4,T,1,GN,2021.6.15,2021.6.17,2,4,84,
L,F4T-2,F4,T,2,GN,2021.6.15,2021.6.17,1,5,18,
L,F4T-2,F4,T,2,GN,2021.6.15,2021.6.17,2,5,30,
L,F4T-3,F4,T,3,GN,2021.6.15,2021.6.17,1,5,42,
L,F4T-3,F4,T,3,GN,2021.6.15,2021.6.17,2,5,48,
L,F4T-1,F4,T,1,YM,2021.6.15,2021.6.20,1,4,47,
L,F4T-1,F4,T,1,YM,2021.6.15,2021.6.20,2,4,45,
L,F4T-2,F4,T,2,YM,2021.6.15,2021.6.20,1,4,42,
L,F4T-2,F4,T,2,YM,2021.6.15,2021.6.20,2,4,45,
L,F4T-3,F4,T,3,YM,2021.6.15,2021.6.20,1,4,71,
L,F4T-3,F4,T,3,YM,2021.6.15,2021.6.20,2,4,51,
L,F4P-1,F4,P,1,APC,2021.6.16,2021.6.18,1,5,48,
L,F4P-1,F4,P,1,APC,2021.6.16,2021.6.18,2,5,54,
L,F4P-2,F4,P,2,APC,2021.6.16,2021.6.18,1,5,35,
L,F4P-2,F4,P,2,APC,2021.6.16,2021.6.18,2,5,37,
L,F4P-3,F4,P,3,APC,2021.6.16,2021.6.18,1,5,55,
L,F4P-3,F4,P,3,APC,2021.6.16,2021.6.18,2,5,60,
L,F4P-1,F4,P,1,GN,2021.6.16,2021.6.18,1,5,48,
L,F4P-1,F4,P,1,GN,2021.6.16,2021.6.18,2,5,56,
L,F4P-2,F4,P,2,GN,2021.6.16,2021.6.18,1,4,117,
L,F4P-2,F4,P,2,GN,2021.6.16,2021.6.18,2,4,91,
L,F4P-3,F4,P,3,GN,2021.6.16,2021.6.18,1,4,157,
L,F4P-3,F4,P,3,GN,2021.6.16,2021.6.18,2,4,172,
L,F4P-1,F4,P,1,YM,2021.6.16,2021.6.21,1,4,42,
L,F4P-1,F4,P,1,YM,2021.6.16,2021.6.21,2,4,47,
L,F4P-2,F4,P,2,YM,2021.6.16,2021.6.21,1,4,58,
L,F4P-2,F4,P,2,YM,2021.6.16,2021.6.21,2,4,60,
L,F4P-3,F4,P,3,YM,2021.6.16,2021.6.21,1,4,45,
L,F4P-3,F4,P,3,YM,2021.6.16,2021.6.21,2,4,46,
L,F4SL3-1,F4,D3,1,APC,2021.6.19,2021.6.21,1,5,176,
L,F4SL3-1,F4,D3,1,APC,2021.6.19,2021.6.21,2,5,186,
L,F4SL3-2,F4,D3,2,APC,2021.6.19,2021.6.21,1,5,144,
L,F4SL3-2,F4,D3,2,APC,2021.6.19,2021.6.21,2,5,147,
L,F4SL3-3,F4,D3,3,APC,2021.6.19,2021.6.21,1,5,101,
L,F4SL3-3,F4,D3,3,APC,2021.6.19,2021.6.21,2,5,116,
L,F4SL3-1,F4,D3,1,GN,2021.6.19,2021.6.21,1,5,64,
L,F4SL3-1,F4,D3,1,GN,2021.6.19,2021.6.21,2,5,52,
L,F4SL3-2,F4,D3,2,GN,2021.6.19,2021.6.21,1,5,80,
L,F4SL3-2,F4,D3,2,GN,2021.6.19,2021.6.21,2,5,78,
L,F4SL3-3,F4,D3,3,GN,2021.6.19,2021.6.21,1,5,42,
L,F4SL3-3,F4,D3,3,GN,2021.6.19,2021.6.21,2,5,52,
L,F4SL3-1,F4,D3,1,YM,2021.6.19,2021.6.24,1,4,54,
L,F4SL3-1,F4,D3,1,YM,2021.6.19,2021.6.24,2,4,44,
L,F4SL3-2,F4,D3,2,YM,2021.6.19,2021.6.24,1,4,79,
L,F4SL3-2,F4,D3,2,YM,2021.6.19,2021.6.24,2,4,73,
L,F4SL3-3,F4,D3,3,YM,2021.6.19,2021.6.24,1,4,51,
L,F4SL3-3,F4,D3,3,YM,2021.6.19,2021.6.24,2,4,41,
L,F4SL5-1,F4,D5,1,APC,2021.6.21,2021.6.23,1,6,91,
L,F4SL5-1,F4,D5,1,APC,2021.6.21,2021.6.23,2,6,92,
L,F4SL5-2,F4,D5,2,APC,2021.6.21,2021.6.23,1,6,56,
L,F4SL5-2,F4,D5,2,APC,2021.6.21,2021.6.23,2,6,62,
L,F4SL5-3,F4,D5,3,APC,2021.6.21,2021.6.23,1,6,124,
L,F4SL5-3,F4,D5,3,APC,2021.6.21,2021.6.23,2,6,146,
L,F4SL5-1,F4,D5,1,GN,2021.6.21,2021.6.23,1,6,23,
L,F4SL5-1,F4,D5,1,GN,2021.6.21,2021.6.23,2,6,34,
L,F4SL5-2,F4,D5,2,GN,2021.6.21,2021.6.23,1,5,113,
L,F4SL5-2,F4,D5,2,GN,2021.6.21,2021.6.23,2,5,134,
L,F4SL5-3,F4,D5,3,GN,2021.6.21,2021.6.23,1,6,35,
L,F4SL5-3,F4,D5,3,GN,2021.6.21,2021.6.23,2,6,38,
L,F4SL5-1,F4,D5,1,YM,2021.6.21,2021.6.26,1,4,99,
L,F4SL5-1,F4,D5,1,YM,2021.6.21,2021.6.26,2,4,106,
L,F4SL5-2,F4,D5,2,YM,2021.6.21,2021.6.26,1,4,68,
L,F4SL5-2,F4,D5,2,YM,2021.6.21,2021.6.26,2,4,84,
L,F4SL5-3,F4,D5,3,YM,2021.6.21,2021.6.26,1,4,56,
L,F4SL5-3,F4,D5,3,YM,2021.6.21,2021.6.26,2,4,77,
L,F4SL7-1,F4,D7,1,APC,2021.6.23,2021.6.25,1,6,97,
L,F4SL7-1,F4,D7,1,APC,2021.6.23,2021.6.25,2,6,116,
L,F4SL7-2,F4,D7,2,APC,2021.6.23,2021.6.25,1,6,79,
L,F4SL7-2,F4,D7,2,APC,2021.6.23,2021.6.25,2,6,69,
L,F4SL7-3,F4,D7,3,APC,2021.6.23,2021.6.25,1,6,38,
L,F4SL7-3,F4,D7,3,APC,2021.6.23,2021.6.25,2,6,48,
L,F4SL7-1,F4,D7,1,GN,2021.6.23,2021.6.25,1,6,46,
L,F4SL7-1,F4,D7,1,GN,2021.6.23,2021.6.25,2,6,42,
L,F4SL7-2,F4,D7,2,GN,2021.6.23,2021.6.25,1,6,31,
L,F4SL7-2,F4,D7,2,GN,2021.6.23,2021.6.25,2,6,33,
L,F4SL7-3,F4,D7,3,GN,2021.6.23,2021.6.25,1,5,131,
L,F4SL7-3,F4,D7,3,GN,2021.6.23,2021.6.25,2,5,124,
L,F4SL7-1,F4,D7,1,YM,2021.6.23,2021.6.28,1,4,73,
L,F4SL7-1,F4,D7,1,YM,2021.6.23,2021.6.28,2,4,64,
L,F4SL7-2,F4,D7,2,YM,2021.6.23,2021.6.28,1,4,130,
L,F4SL7-2,F4,D7,2,YM,2021.6.23,2021.6.28,2,4,105,
L,F4SL7-3,F4,D7,3,YM,2021.6.23,2021.6.28,1,4,69,
L,F4SL7-3,F4,D7,3,YM,2021.6.23,2021.6.28,2,4,89,
L,F4SL10-1,F4,D10,1,APC,2021.6.26,2021.6.28,1,6,TNTC,
L,F4SL10-1,F4,D10,1,APC,2021.6.26,2021.6.28,2,6,TNTC,
L,F4SL10-2,F4,D10,2,APC,2021.6.26,2021.6.28,1,6,302,
L,F4SL10-2,F4,D10,2,APC,2021.6.26,2021.6.28,2,6,318,
L,F4SL10-3,F4,D10,3,APC,2021.6.26,2021.6.28,1,6,262,
L,F4SL10-3,F4,D10,3,APC,2021.6.26,2021.6.28,2,6,290,
L,F4SL10-1,F4,D10,1,GN,2021.6.26,2021.6.28,1,6,TNTC,
L,F4SL10-1,F4,D10,1,GN,2021.6.26,2021.6.28,2,6,TNTC,
L,F4SL10-2,F4,D10,2,GN,2021.6.26,2021.6.28,1,6,91,
L,F4SL10-2,F4,D10,2,GN,2021.6.26,2021.6.28,2,6,71,
L,F4SL10-3,F4,D10,3,GN,2021.6.26,2021.6.28,1,6,105,
L,F4SL10-3,F4,D10,3,GN,2021.6.26,2021.6.28,2,6,126,
L,F4SL10-1,F4,D10,1,YM,2021.6.26,2021.7.1,1,5,41,
L,F4SL10-1,F4,D10,1,YM,2021.6.26,2021.7.1,2,5,43,
L,F4SL10-2,F4,D10,2,YM,2021.6.26,2021.7.1,1,5,16,
L,F4SL10-2,F4,D10,2,YM,2021.6.26,2021.7.1,2,5,14,
L,F4SL10-3,F4,D10,3,YM,2021.6.26,2021.7.1,1,4,96,
L,F4SL10-3,F4,D10,3,YM,2021.6.26,2021.7.1,2,4,85,
L,R1H-1,R1,H,1,APC,2021.4.24,2021.4.26,1,5,83,
L,R1H-1,R1,H,1,APC,2021.4.24,2021.4.26,2,5,77,
L,R1H-2,R1,H,2,APC,2021.4.24,2021.4.26,1,4,267,
L,R1H-2,R1,H,2,APC,2021.4.24,2021.4.26,2,4,251,
L,R1H-3,R1,H,3,APC,2021.4.24,2021.4.26,1,5,95,
L,R1H-3,R1,H,3,APC,2021.4.24,2021.4.26,2,5,112,
L,R1H-1,R1,H,1,GN,2021.4.24,2021.4.26,1,5,23,
L,R1H-1,R1,H,1,GN,2021.4.24,2021.4.26,2,5,30,
L,R1H-2,R1,H,2,GN,2021.4.24,2021.4.26,1,3,125,
L,R1H-2,R1,H,2,GN,2021.4.24,2021.4.26,2,3,129,
L,R1H-3,R1,H,3,GN,2021.4.24,2021.4.26,1,2,138,
L,R1H-3,R1,H,3,GN,2021.4.24,2021.4.26,2,2,120,
L,R1H-1,R1,H,1,YM,2021.4.24,2021.4.29,1,4,269,
L,R1H-1,R1,H,1,YM,2021.4.24,2021.4.29,2,4,205,
L,R1H-2,R1,H,2,YM,2021.4.24,2021.4.29,1,2,111,
L,R1H-2,R1,H,2,YM,2021.4.24,2021.4.29,2,2,101,
L,R1H-3,R1,H,3,YM,2021.4.24,2021.4.29,1,3,47,
L,R1H-3,R1,H,3,YM,2021.4.24,2021.4.29,2,3,41,
L,R1P-1,R1,P,1,APC,2021.4.26,2021.4.28,1,3,252,
L,R1P-1,R1,P,1,APC,2021.4.26,2021.4.28,2,3,251,
L,R1P-2,R1,P,2,APC,2021.4.26,2021.4.28,1,4,79,
L,R1P-2,R1,P,2,APC,2021.4.26,2021.4.28,2,4,89,
L,R1P-3,R1,P,3,APC,2021.4.26,2021.4.28,1,5,357,
L,R1P-3,R1,P,3,APC,2021.4.26,2021.4.28,2,5,326,
L,R1P-1,R1,P,1,GN,2021.4.26,2021.4.28,1,3,40,
L,R1P-1,R1,P,1,GN,2021.4.26,2021.4.28,2,3,53,
L,R1P-2,R1,P,2,GN,2021.4.26,2021.4.28,1,3,58,
L,R1P-2,R1,P,2,GN,2021.4.26,2021.4.28,2,3,89,
L,R1P-3,R1,P,3,GN,2021.4.26,2021.4.28,1,3,72,
L,R1P-3,R1,P,3,GN,2021.4.26,2021.4.28,2,3,72,
L,R1P-1,R1,P,1,YM,2021.4.26,2021.5.1,1,2,81,
L,R1P-1,R1,P,1,YM,2021.4.26,2021.5.1,2,2,77,
L,R1P-2,R1,P,2,YM,2021.4.26,2021.5.1,1,3,41,
L,R1P-2,R1,P,2,YM,2021.4.26,2021.5.1,2,3,31,
L,R1P-3,R1,P,3,YM,2021.4.26,2021.5.1,1,3,19,
L,R1P-3,R1,P,3,YM,2021.4.26,2021.5.1,2,3,30,
L,R1SL10-1,R1,D10,1,APC,2021.5.6,2021.5.8,1,5,34,
L,R1SL10-1,R1,D10,1,APC,2021.5.6,2021.5.8,2,5,35,
L,R1SL10-2,R1,D10,2,APC,2021.5.6,2021.5.8,1,5,32,
L,R1SL10-2,R1,D10,2,APC,2021.5.6,2021.5.8,2,5,36,
L,R1SL10-3,R1,D10,3,APC,2021.5.6,2021.5.8,1,5,72,
L,R1SL10-3,R1,D10,3,APC,2021.5.6,2021.5.8,2,5,75,
L,R1SL10-1,R1,D10,1,GN,2021.5.6,2021.5.8,1,4,26,
L,R1SL10-1,R1,D10,1,GN,2021.5.6,2021.5.8,2,4,29,
L,R1SL10-2,R1,D10,2,GN,2021.5.6,2021.5.8,1,4,30,
L,R1SL10-2,R1,D10,2,GN,2021.5.6,2021.5.8,2,4,33,
L,R1SL10-3,R1,D10,3,GN,2021.5.6,2021.5.8,1,4,101,
L,R1SL10-3,R1,D10,3,GN,2021.5.6,2021.5.8,2,4,91,
L,R1SL10-1,R1,D10,1,YM,2021.5.6,2021.5.11,1,3,42,
L,R1SL10-1,R1,D10,1,YM,2021.5.6,2021.5.11,2,3,36,
L,R1SL10-2,R1,D10,2,YM,2021.5.6,2021.5.11,1,3,58,
L,R1SL10-2,R1,D10,2,YM,2021.5.6,2021.5.11,2,3,67,
L,R1SL10-3,R1,D10,3,YM,2021.5.6,2021.5.11,1,3,32,
L,R1SL10-3,R1,D10,3,YM,2021.5.6,2021.5.11,2,3,32,
L,R2H-1,R1,H,1,APC,2021.5.7,2021.5.9,1,4,33,
L,R2H-1,R2,H,1,APC,2021.5.7,2021.5.9,2,4,45,
L,R2H-2,R2,H,2,APC,2021.5.7,2021.5.9,1,3,229,
L,R2H-2,R2,H,2,APC,2021.5.7,2021.5.9,2,3,242,
L,R2H-3,R2,H,3,APC,2021.5.7,2021.5.9,1,4,43,
L,R2H-3,R2,H,3,APC,2021.5.7,2021.5.9,2,4,42,
L,R2H-1,R2,H,1,GN,2021.5.7,2021.5.9,1,3,55,
L,R2H-1,R2,H,1,GN,2021.5.7,2021.5.9,2,3,46,
L,R2H-2,R2,H,2,GN,2021.5.7,2021.5.9,1,3,45,
L,R2H-2,R2,H,2,GN,2021.5.7,2021.5.9,2,3,49,
L,R2H-3,R2,H,3,GN,2021.5.7,2021.5.9,1,3,93,
L,R2H-3,R2,H,3,GN,2021.5.7,2021.5.9,2,3,97,
L,R2H-1,R2,H,1,YM,2021.5.7,2021.5.12,1,3,37,
L,R2H-1,R2,H,1,YM,2021.5.7,2021.5.12,2,3,38,
L,R2H-2,R2,H,2,YM,2021.5.7,2021.5.12,1,3,28,
L,R2H-2,R2,H,2,YM,2021.5.7,2021.5.12,2,3,29,
L,R2H-3,R2,H,3,YM,2021.5.7,2021.5.12,1,3,13,
L,R2H-3,R2,H,3,YM,2021.5.7,2021.5.12,2,3,20,
L,R2P-1,R2,P,1,APC,2021.5.8,2021.5.10,1,4,30,
L,R2P-1,R2,P,1,APC,2021.5.8,2021.5.10,2,4,46,
L,R2P-2,R2,P,2,APC,2021.5.8,2021.5.10,1,4,45,
L,R2P-2,R2,P,2,APC,2021.5.8,2021.5.10,2,4,58,
L,R2P-3,R2,P,3,APC,2021.5.8,2021.5.10,1,4,49,
L,R2P-3,R2,P,3,APC,2021.5.8,2021.5.10,2,4,70,
L,R2P-1,R2,P,1,GN,2021.5.8,2021.5.10,1,2,130,
L,R2P-1,R2,P,1,GN,2021.5.8,2021.5.10,2,2,113,
L,R2P-2,R2,P,2,GN,2021.5.8,2021.5.10,1,2,147,
L,R2P-2,R2,P,2,GN,2021.5.8,2021.5.10,2,2,151,
L,R2P-3,R2,P,3,GN,2021.5.8,2021.5.10,1,2,181,
L,R2P-3,R2,P,3,GN,2021.5.8,2021.5.10,2,2,197,
L,R2P-1,R2,P,1,YM,2021.5.8,2021.5.13,1,3,35,
L,R2P-1,R2,P,1,YM,2021.5.8,2021.5.13,2,3,44,
L,R2P-2,R2,P,2,YM,2021.5.8,2021.5.13,1,3,45,
L,R2P-2,R2,P,2,YM,2021.5.8,2021.5.13,2,3,44,
L,R2P-3,R2,P,3,YM,2021.5.8,2021.5.13,1,3,46,
L,R2P-3,R2,P,3,YM,2021.5.8,2021.5.13,2,3,31,
L,R2SL10-1,R2,D10,1,APC,2021.5.18,2021.5.20,1,5,131,
L,R2SL10-1,R2,D10,1,APC,2021.5.18,2021.5.20,2,5,127,
L,R2SL10-2,R2,D10,2,APC,2021.5.18,2021.5.20,1,5,700,
L,R2SL10-2,R2,D10,2,APC,2021.5.18,2021.5.20,2,5,720,
L,R2SL10-3,R2,D10,3,APC,2021.5.18,2021.5.20,1,5,61,
L,R2SL10-3,R2,D10,3,APC,2021.5.18,2021.5.20,2,5,67,
L,R2SL10-1,R2,D10,1,GN,2021.5.18,2021.5.20,1,5,36,
L,R2SL10-1,R2,D10,1,GN,2021.5.18,2021.5.20,2,5,41,
L,R2SL10-2,R2,D10,2,GN,2021.5.18,2021.5.20,1,5,272,
L,R2SL10-2,R2,D10,2,GN,2021.5.18,2021.5.20,2,5,297,
L,R2SL10-3,R2,D10,3,GN,2021.5.18,2021.5.20,1,4,148,
L,R2SL10-3,R2,D10,3,GN,2021.5.18,2021.5.20,2,4,149,
L,R2SL10-1,R2,D10,1,YM,2021.5.18,2021.5.23,1,3,167,
L,R2SL10-1,R2,D10,1,YM,2021.5.18,2021.5.23,2,3,153,
L,R2SL10-2,R2,D10,2,YM,2021.5.18,2021.5.23,1,4,47,
L,R2SL10-2,R2,D10,2,YM,2021.5.18,2021.5.23,2,4,47,
L,R2SL10-3,R2,D10,3,YM,2021.5.18,2021.5.23,1,3,184,
L,R2SL10-3,R2,D10,3,YM,2021.5.18,2021.5.23,2,3,137,
L,R3H-1,R3,H,1,APC,2021.5.13,2021.5.15,1,4,259,
L,R3H-1,R3,H,1,APC,2021.5.13,2021.5.15,2,4,270,
L,R3H-2,R3,H,2,APC,2021.5.13,2021.5.15,1,4,202,
L,R3H-2,R3,H,2,APC,2021.5.13,2021.5.15,2,4,206,
L,R3H-3,R3,H,3,APC,2021.5.13,2021.5.15,1,4,95,
L,R3H-3,R3,H,3,APC,2021.5.13,2021.5.15,2,4,100,
L,R3H-1,R3,H,1,GN,2021.5.13,2021.5.15,1,4,83,
L,R3H-1,R3,H,1,GN,2021.5.13,2021.5.15,2,4,74,
L,R3H-2,R3,H,2,GN,2021.5.13,2021.5.15,1,4,43,
L,R3H-2,R3,H,2,GN,2021.5.13,2021.5.15,2,4,30,
L,R3H-3,R3,H,3,GN,2021.5.13,2021.5.15,1,4,33,
L,R3H-3,R3,H,3,GN,2021.5.13,2021.5.15,2,4,26,
L,R3H-1,R3,H,1,YM,2021.5.13,2021.5.18,1,4,33,
L,R3H-1,R3,H,1,YM,2021.5.13,2021.5.18,2,4,34,
L,R3H-2,R3,H,2,YM,2021.5.13,2021.5.18,1,3,150,
L,R3H-2,R3,H,2,YM,2021.5.13,2021.5.18,2,3,137,
L,R3H-3,R3,H,3,YM,2021.5.13,2021.5.18,1,3,93,
L,R3H-3,R3,H,3,YM,2021.5.13,2021.5.18,2,3,73,
L,R3P-1,R3,P,1,APC,2021.5.14,2021.5.16,1,4,60,
L,R3P-1,R3,P,1,APC,2021.5.14,2021.5.16,2,4,80,
L,R3P-2,R3,P,2,APC,2021.5.14,2021.5.16,1,4,81,
L,R3P-2,R3,P,2,APC,2021.5.14,2021.5.16,2,4,95,
L,R3P-3,R3,P,3,APC,2021.5.14,2021.5.16,1,4,54,
L,R3P-3,R3,P,3,APC,2021.5.14,2021.5.16,2,4,58,
L,R3P-1,R3,P,1,GN,2021.5.14,2021.5.16,1,4,43,
L,R3P-1,R3,P,1,GN,2021.5.14,2021.5.16,2,4,26,
L,R3P-2,R3,P,2,GN,2021.5.14,2021.5.16,1,3,180,
L,R3P-2,R3,P,2,GN,2021.5.14,2021.5.16,2,3,189,
L,R3P-3,R3,P,3,GN,2021.5.14,2021.5.16,1,3,89,
L,R3P-3,R3,P,3,GN,2021.5.14,2021.5.16,2,3,81,
L,R3P-1,R3,P,1,YM,2021.5.14,2021.5.19,1,3,52,
L,R3P-1,R3,P,1,YM,2021.5.14,2021.5.19,2,3,65,
L,R3P-2,R3,P,2,YM,2021.5.14,2021.5.19,1,3,86,
L,R3P-2,R3,P,2,YM,2021.5.14,2021.5.19,2,3,84,
L,R3P-3,R3,P,3,YM,2021.5.14,2021.5.19,1,3,73,
L,R3P-3,R3,P,3,YM,2021.5.14,2021.5.19,2,3,72,
L,R3SL10-1,R3,D10,1,APC,2021.5.24,2021.5.26,1,5,708,
L,R3SL10-1,R3,D10,1,APC,2021.5.24,2021.5.26,2,5,788,
L,R3SL10-2,R3,D10,2,APC,2021.5.24,2021.5.26,1,5,222,
L,R3SL10-2,R3,D10,2,APC,2021.5.24,2021.5.26,2,5,268,
L,R3SL10-3,R3,D10,3,APC,2021.5.24,2021.5.26,1,5,49,
L,R3SL10-3,R3,D10,3,APC,2021.5.24,2021.5.26,2,5,51,
L,R3SL10-1,R3,D10,1,GN,2021.5.24,2021.5.26,1,5,316,
L,R3SL10-1,R3,D10,1,GN,2021.5.24,2021.5.26,2,5,391,
L,R3SL10-2,R3,D10,2,GN,2021.5.24,2021.5.26,1,5,67,
L,R3SL10-2,R3,D10,2,GN,2021.5.24,2021.5.26,2,5,79,
L,R3SL10-3,R3,D10,3,GN,2021.5.24,2021.5.26,1,4,124,
L,R3SL10-3,R3,D10,3,GN,2021.5.24,2021.5.26,2,4,125,
L,R3SL10-1,R3,D10,1,YM,2021.5.24,2021.5.29,1,4,67,
L,R3SL10-1,R3,D10,1,YM,2021.5.24,2021.5.29,2,4,93,
L,R3SL10-2,R3,D10,2,YM,2021.5.24,2021.5.29,1,4,160,
L,R3SL10-2,R3,D10,2,YM,2021.5.24,2021.5.29,2,4,180,
L,R3SL10-3,R3,D10,3,YM,2021.5.24,2021.5.29,1,4,47,
L,R3SL10-3,R3,D10,3,YM,2021.5.24,2021.5.29,2,4,61,
L,R4H-1,R4,H,1,APC,2021.5.22,2021.5.24,1,4,90,
L,R4H-1,R4,H,1,APC,2021.5.22,2021.5.24,2,4,101,
L,R4H-2,R4,H,2,APC,2021.5.22,2021.5.24,1,4,85,
L,R4H-2,R4,H,2,APC,2021.5.22,2021.5.24,2,4,74,
L,R4H-3,R4,H,3,APC,2021.5.22,2021.5.24,1,3,134,
L,R4H-3,R4,H,3,APC,2021.5.22,2021.5.24,2,3,142,
L,R4H-1,R4,H,1,GN,2021.5.22,2021.5.24,1,3,210,
L,R4H-1,R4,H,1,GN,2021.5.22,2021.5.24,2,3,214,
L,R4H-2,R4,H,2,GN,2021.5.22,2021.5.24,1,3,244,
L,R4H-2,R4,H,2,GN,2021.5.22,2021.5.24,2,3,245,
L,R4H-3,R4,H,3,GN,2021.5.22,2021.5.24,1,3,78,
L,R4H-3,R4,H,3,GN,2021.5.22,2021.5.24,2,3,60,
L,R4H-1,R4,H,1,YM,2021.5.22,2021.5.27,1,3,54,
L,R4H-1,R4,H,1,YM,2021.5.22,2021.5.27,2,3,54,
L,R4H-2,R4,H,2,YM,2021.5.22,2021.5.27,1,3,64,
L,R4H-2,R4,H,2,YM,2021.5.22,2021.5.27,2,3,80,
L,R4H-3,R4,H,3,YM,2021.5.22,2021.5.27,1,3,26,
L,R4H-3,R4,H,3,YM,2021.5.22,2021.5.27,2,3,31,
L,R4P-1,R4,P,1,APC,2021.5.24,2021.5.26,1,4,62,
L,R4P-1,R4,P,1,APC,2021.5.24,2021.5.26,2,4,63,
L,R4P-2,R4,P,2,APC,2021.5.24,2021.5.26,1,3,161,
L,R4P-2,R4,P,2,APC,2021.5.24,2021.5.26,2,3,152,
L,R4P-3,R4,P,3,APC,2021.5.24,2021.5.26,1,4,265,
L,R4P-3,R4,P,3,APC,2021.5.24,2021.5.26,2,4,250,
L,R4P-1,R4,P,1,GN,2021.5.24,2021.5.26,1,2,117,
L,R4P-1,R4,P,1,GN,2021.5.24,2021.5.26,2,2,111,
L,R4P-2,R4,P,2,GN,2021.5.24,2021.5.26,1,2,110,
L,R4P-2,R4,P,2,GN,2021.5.24,2021.5.26,2,2,139,
L,R4P-3,R4,P,3,GN,2021.5.24,2021.5.26,1,4,31,
L,R4P-3,R4,P,3,GN,2021.5.24,2021.5.26,2,4,29,
L,R4P-1,R4,P,1,YM,2021.5.24,2021.5.29,1,3,103,
L,R4P-1,R4,P,1,YM,2021.5.24,2021.5.29,2,3,101,
L,R4P-2,R4,P,2,YM,2021.5.24,2021.5.29,1,3,35,
L,R4P-2,R4,P,2,YM,2021.5.24,2021.5.29,2,3,40,
L,R4P-3,R4,P,3,YM,2021.5.24,2021.5.29,1,4,35,
L,R4P-3,R4,P,3,YM,2021.5.24,2021.5.29,2,4,42,
L,R4SL10-1,R4,D10,1,APC,2021.6.3,2021.6.5,1,5,36,
L,R4SL10-1,R4,D10,1,APC,2021.6.3,2021.6.5,2,5,24,
L,R4SL10-2,R4,D10,2,APC,2021.6.3,2021.6.5,1,5,73,
L,R4SL10-2,R4,D10,2,APC,2021.6.3,2021.6.5,2,5,85,
L,R4SL10-3,R4,D10,3,APC,2021.6.3,2021.6.5,1,4,160,
L,R4SL10-3,R4,D10,3,APC,2021.6.3,2021.6.5,2,4,185,
L,R4SL10-1,R4,D10,1,GN,2021.6.3,2021.6.5,1,3,172,
L,R4SL10-1,R4,D10,1,GN,2021.6.3,2021.6.5,2,3,174,
L,R4SL10-2,R4,D10,2,GN,2021.6.3,2021.6.5,1,4,48,
L,R4SL10-2,R4,D10,2,GN,2021.6.3,2021.6.5,2,4,49,
L,R4SL10-3,R4,D10,3,GN,2021.6.3,2021.6.5,1,4,52,
L,R4SL10-3,R4,D10,3,GN,2021.6.3,2021.6.5,2,4,38,
L,R4SL10-1,R4,D10,1,YM,2021.6.3,2021.6.8,1,4,41,
L,R4SL10-1,R4,D10,1,YM,2021.6.3,2021.6.8,2,4,48,
L,R4SL10-2,R4,D10,2,YM,2021.6.3,2021.6.8,1,4,67,
L,R4SL10-2,R4,D10,2,YM,2021.6.3,2021.6.8,2,4,71,
L,R4SL10-3,R4,D10,3,YM,2021.6.3,2021.6.8,1,4,17,
L,R4SL10-3,R4,D10,3,YM,2021.6.3,2021.6.8,2,4,16,
L,R5H-1,R5,H,1,APC,2021.5.26,2021.5.28,1,3,294,
L,R5H-1,R5,H,1,APC,2021.5.26,2021.5.28,2,3,302,
L,R5H-2,R5,H,2,APC,2021.5.26,2021.5.28,1,4,48,
L,R5H-2,R5,H,2,APC,2021.5.26,2021.5.28,2,4,48,
L,R5H-3,R5,H,3,APC,2021.5.26,2021.5.28,1,3,234,
L,R5H-3,R5,H,3,APC,2021.5.26,2021.5.28,2,3,235,
L,R5H-1,R5,H,1,GN,2021.5.26,2021.5.28,1,3,46,
L,R5H-1,R5,H,1,GN,2021.5.26,2021.5.28,2,3,60,
L,R5H-2,R5,H,2,GN,2021.5.26,2021.5.28,1,3,140,
L,R5H-2,R5,H,2,GN,2021.5.26,2021.5.28,2,3,135,
L,R5H-3,R5,H,3,GN,2021.5.26,2021.5.28,1,3,46,
L,R5H-3,R5,H,3,GN,2021.5.26,2021.5.28,2,3,56,
L,R5H-1,R5,H,1,YM,2021.5.26,2021.5.31,1,3,43,
L,R5H-1,R5,H,1,YM,2021.5.26,2021.5.31,2,3,31,
L,R5H-2,R5,H,2,YM,2021.5.26,2021.5.31,1,3,46,
L,R5H-2,R5,H,2,YM,2021.5.26,2021.5.31,2,3,39,
L,R5H-3,R5,H,3,YM,2021.5.26,2021.5.31,1,3,30,
L,R5H-3,R5,H,3,YM,2021.5.26,2021.5.31,2,3,31,
L,R5P-1,R5,P,1,APC,2021.5.27,2021.5.29,1,4,36,
L,R5P-1,R5,P,1,APC,2021.5.27,2021.5.29,2,4,30,
L,R5P-2,R5,P,2,APC,2021.5.27,2021.5.29,1,4,35,
L,R5P-2,R5,P,2,APC,2021.5.27,2021.5.29,2,4,31,
L,R5P-3,R5,P,3,APC,2021.5.27,2021.5.29,1,4,30,
L,R5P-3,R5,P,3,APC,2021.5.27,2021.5.29,2,4,44,
L,R5P-1,R5,P,1,GN,2021.5.27,2021.5.29,1,3,33,
L,R5P-1,R5,P,1,GN,2021.5.27,2021.5.29,2,3,33,
L,R5P-2,R5,P,2,GN,2021.5.27,2021.5.29,1,3,75,
L,R5P-2,R5,P,2,GN,2021.5.27,2021.5.29,2,3,71,
L,R5P-3,R5,P,3,GN,2021.5.27,2021.5.29,1,3,57,
L,R5P-3,R5,P,3,GN,2021.5.27,2021.5.29,2,3,54,
L,R5P-1,R5,P,1,YM,2021.5.27,2021.6.1,1,3,52,
L,R5P-1,R5,P,1,YM,2021.5.27,2021.6.1,2,3,51,
L,R5P-2,R5,P,2,YM,2021.5.27,2021.6.1,1,3,48,
L,R5P-2,R5,P,2,YM,2021.5.27,2021.6.1,2,3,54,
L,R5P-3,R5,P,3,YM,2021.5.27,2021.6.1,1,3,46,
L,R5P-3,R5,P,3,YM,2021.5.27,2021.6.1,2,3,36,
L,R5SL10-1,R5,D10,1,APC,2021.6.6,2021.6.8,1,5,136,
L,R5SL10-1,R5,D10,1,APC,2021.6.6,2021.6.8,2,5,160,
L,R5SL10-2,R5,D10,2,APC,2021.6.6,2021.6.8,1,6,94,
L,R5SL10-2,R5,D10,2,APC,2021.6.6,2021.6.8,2,6,92,
L,R5SL10-3,R5,D10,3,APC,2021.6.6,2021.6.8,1,6,97,
L,R5SL10-3,R5,D10,3,APC,2021.6.6,2021.6.8,2,6,77,
L,R5SL10-1,R5,D10,1,GN,2021.6.6,2021.6.8,1,5,54,
L,R5SL10-1,R5,D10,1,GN,2021.6.6,2021.6.8,2,5,61,
L,R5SL10-2,R5,D10,2,GN,2021.6.6,2021.6.8,1,5,166,
L,R5SL10-2,R5,D10,2,GN,2021.6.6,2021.6.8,2,5,161,
L,R5SL10-3,R5,D10,3,GN,2021.6.6,2021.6.8,1,5,85,
L,R5SL10-3,R5,D10,3,GN,2021.6.6,2021.6.8,2,5,69,
L,R5SL10-1,R5,D10,1,YM,2021.6.6,2021.6.11,1,4,117,
L,R5SL10-1,R5,D10,1,YM,2021.6.6,2021.6.11,2,4,97,
L,R5SL10-2,R5,D10,2,YM,2021.6.6,2021.6.11,1,4,46,
L,R5SL10-2,R5,D10,2,YM,2021.6.6,2021.6.11,2,4,34,
L,R5SL10-3,R5,D10,3,YM,2021.6.6,2021.6.11,1,4,21,
L,R5SL10-3,R5,D10,3,YM,2021.6.6,2021.6.11,2,4,30,
L,R6H-1,R6,H,1,APC,2021.6.17,2021.6.19,1,5,36,
L,R6H-1,R6,H,1,APC,2021.6.17,2021.6.19,2,5,42,
L,R6H-2,R6,H,2,APC,2021.6.17,2021.6.19,1,5,248,
L,R6H-2,R6,H,2,APC,2021.6.17,2021.6.19,2,5,242,
L,R6H-3,R6,H,3,APC,2021.6.17,2021.6.19,1,5,54,
L,R6H-3,R6,H,3,APC,2021.6.17,2021.6.19,2,5,50,
L,R6H-1,R6,H,1,GN,2021.6.17,2021.6.19,1,4,172,
L,R6H-1,R6,H,1,GN,2021.6.17,2021.6.19,2,4,170,
L,R6H-2,R6,H,2,GN,2021.6.17,2021.6.19,1,5,59,
L,R6H-2,R6,H,2,GN,2021.6.17,2021.6.19,2,5,46,
L,R6H-3,R6,H,3,GN,2021.6.17,2021.6.19,1,4,154,
L,R6H-3,R6,H,3,GN,2021.6.17,2021.6.19,2,4,150,
L,R6H-1,R6,H,1,YM,2021.6.17,2021.6.22,1,4,45,
L,R6H-1,R6,H,1,YM,2021.6.17,2021.6.22,2,4,47,
L,R6H-2,R6,H,2,YM,2021.6.17,2021.6.22,1,4,81,
L,R6H-2,R6,H,2,YM,2021.6.17,2021.6.22,2,4,107,
L,R6H-3,R6,H,3,YM,2021.6.17,2021.6.22,1,4,61,
L,R6H-3,R6,H,3,YM,2021.6.17,2021.6.22,2,4,68,
L,R6P-1,R6,P,1,APC,2021.6.18,2021.6.20,1,5,112,
L,R6P-1,R6,P,1,APC,2021.6.18,2021.6.20,2,5,122,
L,R6P-2,R6,P,2,APC,2021.6.18,2021.6.20,1,5,105,
L,R6P-2,R6,P,2,APC,2021.6.18,2021.6.20,2,5,105,
L,R6P-3,R6,P,3,APC,2021.6.18,2021.6.20,1,5,117,
L,R6P-3,R6,P,3,APC,2021.6.18,2021.6.20,2,5,125,
L,R6P-1,R6,P,1,GN,2021.6.18,2021.6.20,1,5,43,
L,R6P-1,R6,P,1,GN,2021.6.18,2021.6.20,2,5,48,
L,R6P-2,R6,P,2,GN,2021.6.18,2021.6.20,1,4,121,
L,R6P-2,R6,P,2,GN,2021.6.18,2021.6.20,2,4,132,
L,R6P-3,R6,P,3,GN,2021.6.18,2021.6.20,1,4,141,
L,R6P-3,R6,P,3,GN,2021.6.18,2021.6.20,2,4,134,
L,R6P-1,R6,P,1,YM,2021.6.18,2021.6.23,1,4,67,
L,R6P-1,R6,P,1,YM,2021.6.18,2021.6.23,2,4,92,
L,R6P-2,R6,P,2,YM,2021.6.18,2021.6.23,1,4,103,
L,R6P-2,R6,P,2,YM,2021.6.18,2021.6.23,2,4,109,
L,R6P-3,R6,P,3,YM,2021.6.18,2021.6.23,1,4,72,
L,R6P-3,R6,P,3,YM,2021.6.18,2021.6.23,2,4,78,
L,R6SL10-1,R6,D10,1,APC,2021.6.28,2021.6.30,1,7,118,
L,R6SL10-1,R6,D10,1,APC,2021.6.28,2021.6.30,2,7,123,
L,R6SL10-2,R6,D10,2,APC,2021.6.28,2021.6.30,1,7,131,
L,R6SL10-2,R6,D10,2,APC,2021.6.28,2021.6.30,2,7,147,
L,R6SL10-3,R6,D10,3,APC,2021.6.28,2021.6.30,1,7,102,
L,R6SL10-3,R6,D10,3,APC,2021.6.28,2021.6.30,2,7,104,
L,R6SL10-1,R6,D10,1,GN,2021.6.28,2021.6.30,1,5,125,
L,R6SL10-1,R6,D10,1,GN,2021.6.28,2021.6.30,2,5,129,
L,R6SL10-2,R6,D10,2,GN,2021.6.28,2021.6.30,1,5,248,
L,R6SL10-2,R6,D10,2,GN,2021.6.28,2021.6.30,2,5,226,
L,R6SL10-3,R6,D10,3,GN,2021.6.28,2021.6.30,1,5,170,
L,R6SL10-3,R6,D10,3,GN,2021.6.28,2021.6.30,2,5,167,
L,R6SL10-1,R6,D10,1,YM,2021.6.28,2021.7.3,1,4,170,
L,R6SL10-1,R6,D10,1,YM,2021.6.28,2021.7.3,2,4,153,
L,R6SL10-2,R6,D10,2,YM,2021.6.28,2021.7.3,1,5,48,
L,R6SL10-2,R6,D10,2,YM,2021.6.28,2021.7.3,2,5,53,
L,R6SL10-3,R6,D10,3,YM,2021.6.28,2021.7.3,1,4,144,
L,R6SL10-3,R6,D10,3,YM,2021.6.28,2021.7.3,2,4,158,
L,R7H-1,R7,H,1,APC,2021.6.24,2021.6.26,1,5,172,
L,R7H-1,R7,H,1,APC,2021.6.24,2021.6.26,2,5,195,
L,R7H-2,R7,H,2,APC,2021.6.24,2021.6.26,1,5,201,
L,R7H-2,R7,H,2,APC,2021.6.24,2021.6.26,2,5,195,
L,R7H-3,R7,H,3,APC,2021.6.24,2021.6.26,1,6,60,
L,R7H-3,R7,H,3,APC,2021.6.24,2021.6.26,2,6,54,
L,R7H-1,R7,H,1,GN,2021.6.24,2021.6.26,1,5,49,
L,R7H-1,R7,H,1,GN,2021.6.24,2021.6.26,2,5,51,
L,R7H-2,R7,H,2,GN,2021.6.24,2021.6.26,1,5,104,
L,R7H-2,R7,H,2,GN,2021.6.24,2021.6.26,2,5,122,
L,R7H-3,R7,H,3,GN,2021.6.24,2021.6.26,1,5,79,
L,R7H-3,R7,H,3,GN,2021.6.24,2021.6.26,2,5,91,
L,R7H-1,R7,H,1,YM,2021.6.24,2021.6.29,1,4,155,
L,R7H-1,R7,H,1,YM,2021.6.24,2021.6.29,2,4,167,
L,R7H-2,R7,H,2,YM,2021.6.24,2021.6.29,1,4,113,
L,R7H-2,R7,H,2,YM,2021.6.24,2021.6.29,2,4,93,
L,R7H-3,R7,H,3,YM,2021.6.24,2021.6.29,1,4,149,
L,R7H-3,R7,H,3,YM,2021.6.24,2021.6.29,2,4,157,
L,R7P-1,R7,P,1,APC,2021.6.25,2021.6.27,1,6,69,
L,R7P-1,R7,P,1,APC,2021.6.25,2021.6.27,2,6,58,
L,R7P-2,R7,P,2,APC,2021.6.25,2021.6.27,1,6,70,
L,R7P-2,R7,P,2,APC,2021.6.25,2021.6.27,2,6,73,
L,R7P-3,R7,P,3,APC,2021.6.25,2021.6.27,1,5,173,
L,R7P-3,R7,P,3,APC,2021.6.25,2021.6.27,2,5,180,
L,R7P-1,R7,P,1,GN,2021.6.25,2021.6.27,1,5,108,
L,R7P-1,R7,P,1,GN,2021.6.25,2021.6.27,2,5,126,
L,R7P-2,R7,P,2,GN,2021.6.25,2021.6.27,1,5,148,
L,R7P-2,R7,P,2,GN,2021.6.25,2021.6.27,2,5,139,
L,R7P-3,R7,P,3,GN,2021.6.25,2021.6.27,1,5,37,
L,R7P-3,R7,P,3,GN,2021.6.25,2021.6.27,2,5,44,
L,R7P-1,R7,P,1,YM,2021.6.25,2021.6.30,1,4,166,
L,R7P-1,R7,P,1,YM,2021.6.25,2021.6.30,2,4,169,
L,R7P-2,R7,P,2,YM,2021.6.25,2021.6.30,1,5,46,
L,R7P-2,R7,P,2,YM,2021.6.25,2021.6.30,2,5,31,
L,R7P-3,R7,P,3,YM,2021.6.25,2021.6.30,1,4,116,
L,R7P-3,R7,P,3,YM,2021.6.25,2021.6.30,2,4,118,
L,R7SL10-1,R7,D10,1,APC,2021.7.5,2021.7.7,1,6,181,
L,R7SL10-1,R7,D10,1,APC,2021.7.5,2021.7.7,2,6,171,
L,R7SL10-2,R7,D10,2,APC,2021.7.5,2021.7.7,1,7,51,
L,R7SL10-2,R7,D10,2,APC,2021.7.5,2021.7.7,2,7,30,
L,R7SL10-3,R7,D10,3,APC,2021.7.5,2021.7.7,1,7,35,
L,R7SL10-3,R7,D10,3,APC,2021.7.5,2021.7.7,2,7,37,
L,R7SL10-1,R7,D10,1,GN,2021.7.5,2021.7.7,1,6,31,
L,R7SL10-1,R7,D10,1,GN,2021.7.5,2021.7.7,2,6,37,
L,R7SL10-2,R7,D10,2,GN,2021.7.5,2021.7.7,1,6,100,
L,R7SL10-2,R7,D10,2,GN,2021.7.5,2021.7.7,2,6,120,
L,R7SL10-3,R7,D10,3,GN,2021.7.5,2021.7.7,1,6,84,
L,R7SL10-3,R7,D10,3,GN,2021.7.5,2021.7.7,2,6,74,
L,R7SL10-1,R7,D10,1,YM,2021.7.5,2021.7.10,1,4,212,
L,R7SL10-1,R7,D10,1,YM,2021.7.5,2021.7.10,2,4,219,
L,R7SL10-2,R7,D10,2,YM,2021.7.5,2021.7.10,1,5,51,
L,R7SL10-2,R7,D10,2,YM,2021.7.5,2021.7.10,2,5,49,
L,R7SL10-3,R7,D10,3,YM,2021.7.5,2021.7.10,1,5,23,
L,R7SL10-3,R7,D10,3,YM,2021.7.5,2021.7.10,2,5,30,
